REGION	POS	REF	ALT	REF_DP	REF_RV	REF_QUAL	ALT_DP	ALT_RV	ALT_QUAL	ALT_FREQ	TOTAL_DP	PVAL	PASS	GFF_FEATURE	REF_CODON	REF_AA	ALT_CODON	ALT_AA	POS_AA
NC_045512.2	10114	A	T	17	3	26	1	0	22	0.0555556	18	0.514286	FALSE	NA	NA	NA	NA	NA	NA
NC_045512.2	10121	G	T	19	4	26	1	1	23	0.05	20	0.512821	FALSE	NA	NA	NA	NA	NA	NA
NC_045512.2	10123	T	G	19	4	26	1	1	23	0.05	20	0.512821	FALSE	NA	NA	NA	NA	NA	NA
NC_045512.2	10124	A	T	19	4	26	1	1	23	0.05	20	0.512821	FALSE	NA	NA	NA	NA	NA	NA
NC_045512.2	10125	C	A	19	4	26	1	1	27	0.05	20	0.512821	FALSE	NA	NA	NA	NA	NA	NA
NC_045512.2	10126	A	C	18	3	26	1	1	27	0.0526316	19	0.513514	FALSE	NA	NA	NA	NA	NA	NA
NC_045512.2	10128	C	A	19	4	26	1	1	26	0.05	20	0.512821	FALSE	NA	NA	NA	NA	NA	NA
NC_045512.2	10129	T	G	19	4	27	1	1	27	0.05	20	0.512821	FALSE	NA	NA	NA	NA	NA	NA
NC_045512.2	10130	A	T	19	4	26	1	1	26	0.05	20	0.512821	FALSE	NA	NA	NA	NA	NA	NA
NC_045512.2	10131	C	A	19	4	26	1	1	23	0.05	20	0.512821	FALSE	NA	NA	NA	NA	NA	NA
NC_045512.2	10136	A	G	19	4	26	1	1	28	0.05	20	0.512821	FALSE	NA	NA	NA	NA	NA	NA
NC_045512.2	10137	A	T	19	4	23	1	1	28	0.05	20	0.512821	FALSE	NA	NA	NA	NA	NA	NA
NC_045512.2	10138	C	G	19	4	26	1	1	24	0.05	20	0.512821	FALSE	NA	NA	NA	NA	NA	NA
NC_045512.2	10140	G	T	19	4	23	1	1	27	0.05	20	0.512821	FALSE	NA	NA	NA	NA	NA	NA
NC_045512.2	10141	T	A	19	4	26	1	1	27	0.05	20	0.512821	FALSE	NA	NA	NA	NA	NA	NA
NC_045512.2	10143	T	A	19	4	26	1	1	24	0.05	20	0.512821	FALSE	NA	NA	NA	NA	NA	NA
NC_045512.2	10144	T	A	19	4	28	1	1	27	0.05	20	0.512821	FALSE	NA	NA	NA	NA	NA	NA
NC_045512.2	10145	T	C	18	4	23	1	1	27	0.0526316	19	0.513514	FALSE	NA	NA	NA	NA	NA	NA
NC_045512.2	10146	G	T	18	3	27	1	1	28	0.0526316	19	0.513514	FALSE	NA	NA	NA	NA	NA	NA
NC_045512.2	10147	G	A	19	4	24	1	1	28	0.05	20	0.512821	FALSE	NA	NA	NA	NA	NA	NA
NC_045512.2	10149	T	A	18	3	26	1	1	28	0.0526316	19	0.513514	FALSE	NA	NA	NA	NA	NA	NA
NC_045512.2	10150	T	C	19	4	23	1	1	27	0.05	20	0.512821	FALSE	NA	NA	NA	NA	NA	NA
NC_045512.2	10151	G	T	19	4	26	1	1	22	0.05	20	0.512821	FALSE	NA	NA	NA	NA	NA	NA
NC_045512.2	10152	A	T	19	4	27	1	1	27	0.05	20	0.512821	FALSE	NA	NA	NA	NA	NA	NA
NC_045512.2	10153	T	G	18	4	28	1	0	27	0.05	20	0.5	FALSE	NA	NA	NA	NA	NA	NA
NC_045512.2	10153	T	A	18	4	28	1	1	23	0.05	20	0.5	FALSE	NA	NA	NA	NA	NA	NA
NC_045512.2	10154	G	A	19	4	27	1	1	28	0.05	20	0.512821	FALSE	NA	NA	NA	NA	NA	NA
NC_045512.2	10155	A	C	20	5	27	1	1	27	0.047619	21	0.512195	FALSE	NA	NA	NA	NA	NA	NA
NC_045512.2	10156	C	G	19	4	27	1	1	22	0.047619	21	0.5	FALSE	NA	NA	NA	NA	NA	NA
NC_045512.2	10156	C	A	19	4	27	1	1	27	0.047619	21	0.5	FALSE	NA	NA	NA	NA	NA	NA
NC_045512.2	10157	G	C	20	5	26	1	1	26	0.047619	21	0.512195	FALSE	NA	NA	NA	NA	NA	NA
NC_045512.2	10159	A	T	19	4	26	1	1	31	0.047619	21	0.5	FALSE	NA	NA	NA	NA	NA	NA
NC_045512.2	10159	A	C	19	4	26	1	1	28	0.047619	21	0.5	FALSE	NA	NA	NA	NA	NA	NA
NC_045512.2	10160	G	T	20	5	26	1	1	22	0.047619	21	0.512195	FALSE	NA	NA	NA	NA	NA	NA
NC_045512.2	10161	T	A	20	5	26	1	1	24	0.047619	21	0.512195	FALSE	NA	NA	NA	NA	NA	NA
NC_045512.2	10162	T	G	20	5	27	1	1	22	0.0454545	22	0.5	FALSE	NA	NA	NA	NA	NA	NA
NC_045512.2	10162	T	A	20	5	27	1	1	33	0.0454545	22	0.5	FALSE	NA	NA	NA	NA	NA	NA
NC_045512.2	10163	T	G	17	4	23	2	2	25	0.1	20	0.243243	FALSE	NA	NA	NA	NA	NA	NA
NC_045512.2	10163	T	C	17	4	23	1	1	29	0.05	20	0.486486	FALSE	NA	NA	NA	NA	NA	NA
NC_045512.2	10164	A	T	19	4	27	2	2	25	0.0909091	22	0.243902	FALSE	NA	NA	NA	NA	NA	NA
NC_045512.2	10164	A	G	19	4	27	1	1	28	0.0454545	22	0.487805	FALSE	NA	NA	NA	NA	NA	NA
NC_045512.2	10165	C	T	20	5	27	1	1	29	0.0454545	22	0.5	FALSE	NA	NA	NA	NA	NA	NA
NC_045512.2	10165	C	A	20	5	27	1	1	29	0.0454545	22	0.5	FALSE	NA	NA	NA	NA	NA	NA
NC_045512.2	10166	T	G	20	5	27	1	1	29	0.0454545	22	0.5	FALSE	NA	NA	NA	NA	NA	NA
NC_045512.2	10166	T	C	20	5	27	1	1	28	0.0454545	22	0.5	FALSE	NA	NA	NA	NA	NA	NA
NC_045512.2	10167	G	T	19	4	27	2	2	28	0.0909091	22	0.243902	FALSE	NA	NA	NA	NA	NA	NA
NC_045512.2	10167	G	A	19	4	27	1	1	23	0.0454545	22	0.487805	FALSE	NA	NA	NA	NA	NA	NA
NC_045512.2	10168	T	G	19	4	27	2	2	24	0.0909091	22	0.243902	FALSE	NA	NA	NA	NA	NA	NA
NC_045512.2	10168	T	A	19	4	27	1	1	34	0.0454545	22	0.487805	FALSE	NA	NA	NA	NA	NA	NA
NC_045512.2	10169	C	G	20	5	26	1	1	29	0.0454545	22	0.5	FALSE	NA	NA	NA	NA	NA	NA
NC_045512.2	10169	C	A	20	5	26	1	1	26	0.0454545	22	0.5	FALSE	NA	NA	NA	NA	NA	NA
NC_045512.2	10170	C	T	18	4	24	3	3	27	0.142857	21	0.124765	FALSE	NA	NA	NA	NA	NA	NA
NC_045512.2	10171	A	G	21	6	27	1	1	26	0.0454545	22	0.511628	FALSE	NA	NA	NA	NA	NA	NA
NC_045512.2	10172	A	C	20	5	24	2	2	28	0.0909091	22	0.255814	FALSE	NA	NA	NA	NA	NA	NA
NC_045512.2	10173	G	C	19	4	27	1	1	27	0.0454545	22	0.487805	FALSE	NA	NA	NA	NA	NA	NA
NC_045512.2	10173	G	A	19	4	27	2	2	27	0.0909091	22	0.243902	FALSE	NA	NA	NA	NA	NA	NA
NC_045512.2	10174	A	T	20	5	27	1	1	27	0.0434783	23	0.488372	FALSE	NA	NA	NA	NA	NA	NA
NC_045512.2	10174	A	G	20	5	27	1	1	29	0.0434783	23	0.488372	FALSE	NA	NA	NA	NA	NA	NA
NC_045512.2	10174	A	C	20	5	27	1	1	28	0.0434783	23	0.488372	FALSE	NA	NA	NA	NA	NA	NA
NC_045512.2	10175	C	T	20	5	27	2	2	26	0.0869565	23	0.244186	FALSE	NA	NA	NA	NA	NA	NA
NC_045512.2	10175	C	A	20	5	27	1	1	21	0.0434783	23	0.488372	FALSE	NA	NA	NA	NA	NA	NA
NC_045512.2	10176	A	T	21	6	27	2	2	28	0.0869565	23	0.255556	FALSE	NA	NA	NA	NA	NA	NA
NC_045512.2	10177	T	G	19	4	27	1	1	23	0.0434783	23	0.47619	FALSE	NA	NA	NA	NA	NA	NA
NC_045512.2	10177	T	C	19	4	27	1	1	27	0.0434783	23	0.47619	FALSE	NA	NA	NA	NA	NA	NA
NC_045512.2	10177	T	A	19	4	27	2	2	26	0.0869565	23	0.232558	FALSE	NA	NA	NA	NA	NA	NA
NC_045512.2	10178	G	T	19	4	28	1	1	23	0.0454545	22	0.487805	FALSE	NA	NA	NA	NA	NA	NA
NC_045512.2	10178	G	C	19	4	28	1	1	29	0.0454545	22	0.487805	FALSE	NA	NA	NA	NA	NA	NA
NC_045512.2	10178	G	A	19	4	28	1	1	28	0.0454545	22	0.487805	FALSE	NA	NA	NA	NA	NA	NA
NC_045512.2	10179	T	C	21	6	27	1	1	27	0.0434783	23	0.5	FALSE	NA	NA	NA	NA	NA	NA
NC_045512.2	10179	T	A	21	6	27	1	1	29	0.0434783	23	0.5	FALSE	NA	NA	NA	NA	NA	NA
NC_045512.2	10180	G	T	21	6	27	1	1	23	0.0434783	23	0.5	FALSE	NA	NA	NA	NA	NA	NA
NC_045512.2	10180	G	C	21	6	27	1	1	27	0.0434783	23	0.5	FALSE	NA	NA	NA	NA	NA	NA
NC_045512.2	10181	A	T	20	5	27	2	2	25	0.0869565	23	0.244186	FALSE	NA	NA	NA	NA	NA	NA
NC_045512.2	10181	A	G	20	5	27	1	1	28	0.0434783	23	0.488372	FALSE	NA	NA	NA	NA	NA	NA
NC_045512.2	10182	T	G	21	6	27	1	1	23	0.0434783	23	0.5	FALSE	NA	NA	NA	NA	NA	NA
NC_045512.2	10182	T	C	21	6	27	1	1	28	0.0434783	23	0.5	FALSE	NA	NA	NA	NA	NA	NA
NC_045512.2	10183	C	T	20	5	27	1	1	27	0.0434783	23	0.488372	FALSE	NA	NA	NA	NA	NA	NA
NC_045512.2	10183	C	G	20	5	27	1	1	28	0.0434783	23	0.488372	FALSE	NA	NA	NA	NA	NA	NA
NC_045512.2	10183	C	A	20	5	27	1	1	21	0.0434783	23	0.488372	FALSE	NA	NA	NA	NA	NA	NA
NC_045512.2	10184	T	G	21	6	27	1	1	28	0.0434783	23	0.5	FALSE	NA	NA	NA	NA	NA	NA
NC_045512.2	10184	T	A	21	6	27	1	1	28	0.0434783	23	0.5	FALSE	NA	NA	NA	NA	NA	NA
NC_045512.2	10185	G	T	19	4	27	3	3	27	0.125	24	0.108527	FALSE	NA	NA	NA	NA	NA	NA
NC_045512.2	10185	G	C	19	4	27	1	1	27	0.0416667	24	0.465116	FALSE	NA	NA	NA	NA	NA	NA
NC_045512.2	10185	G	A	19	4	27	1	1	26	0.0416667	24	0.465116	FALSE	NA	NA	NA	NA	NA	NA
NC_045512.2	10186	C	T	21	6	27	1	1	28	0.0434783	23	0.5	FALSE	NA	NA	NA	NA	NA	NA
NC_045512.2	10186	C	G	21	6	27	1	1	22	0.0434783	23	0.5	FALSE	NA	NA	NA	NA	NA	NA
NC_045512.2	10187	A	G	20	5	26	3	3	25	0.125	24	0.116667	FALSE	NA	NA	NA	NA	NA	NA
NC_045512.2	10187	A	C	20	5	26	1	1	28	0.0416667	24	0.477273	FALSE	NA	NA	NA	NA	NA	NA
NC_045512.2	10188	C	T	19	4	26	2	2	26	0.0833333	24	0.221987	FALSE	NA	NA	NA	NA	NA	NA
NC_045512.2	10188	C	G	19	4	26	1	1	28	0.0416667	24	0.465116	FALSE	NA	NA	NA	NA	NA	NA
NC_045512.2	10188	C	A	19	4	26	2	2	24	0.0833333	24	0.221987	FALSE	NA	NA	NA	NA	NA	NA
NC_045512.2	10189	C	A	21	7	24	2	2	27	0.0869565	23	0.255556	FALSE	NA	NA	NA	NA	NA	NA
NC_045512.2	10190	T	G	21	6	26	1	1	28	0.0434783	23	0.5	FALSE	NA	NA	NA	NA	NA	NA
NC_045512.2	10190	T	C	21	6	26	1	1	23	0.0434783	23	0.5	FALSE	NA	NA	NA	NA	NA	NA
NC_045512.2	10191	C	T	19	4	27	2	2	27	0.0869565	23	0.232558	FALSE	NA	NA	NA	NA	NA	NA
NC_045512.2	10191	C	A	19	4	27	2	2	25	0.0869565	23	0.232558	FALSE	NA	NA	NA	NA	NA	NA
NC_045512.2	10192	T	G	20	5	27	1	1	29	0.0416667	24	0.477273	FALSE	NA	NA	NA	NA	NA	NA
NC_045512.2	10192	T	C	20	5	27	2	2	27	0.0833333	24	0.233333	FALSE	NA	NA	NA	NA	NA	NA
NC_045512.2	10192	T	A	20	5	27	1	1	24	0.0416667	24	0.477273	FALSE	NA	NA	NA	NA	NA	NA
NC_045512.2	10193	G	A	21	6	26	3	3	27	0.125	24	0.124823	FALSE	NA	NA	NA	NA	NA	NA
NC_045512.2	10193	G	+A	21	6	26	1	0	20	0.0416667	24	0.488889	FALSE	NA	NA	NA	NA	NA	NA
NC_045512.2	10194	A	T	19	4	26	3	3	28	0.125	24	0.108527	FALSE	NA	NA	NA	NA	NA	NA
NC_045512.2	10194	A	G	19	4	26	1	1	27	0.0416667	24	0.465116	FALSE	NA	NA	NA	NA	NA	NA
NC_045512.2	10194	A	C	19	4	26	1	1	27	0.0416667	24	0.465116	FALSE	NA	NA	NA	NA	NA	NA
NC_045512.2	10195	A	T	18	4	24	1	1	24	0.0454545	22	0.475	FALSE	NA	NA	NA	NA	NA	NA
NC_045512.2	10195	A	G	18	4	24	2	2	28	0.0909091	22	0.231707	FALSE	NA	NA	NA	NA	NA	NA
NC_045512.2	10195	A	C	18	4	24	1	1	27	0.0454545	22	0.475	FALSE	NA	NA	NA	NA	NA	NA
NC_045512.2	10196	G	T	19	4	27	3	3	26	0.125	24	0.108527	FALSE	NA	NA	NA	NA	NA	NA
NC_045512.2	10196	G	A	19	4	27	2	2	27	0.0833333	24	0.221987	FALSE	NA	NA	NA	NA	NA	NA
NC_045512.2	10197	A	T	20	5	27	1	1	29	0.0416667	24	0.477273	FALSE	NA	NA	NA	NA	NA	NA
NC_045512.2	10197	A	G	20	5	27	1	1	27	0.0416667	24	0.477273	FALSE	NA	NA	NA	NA	NA	NA
NC_045512.2	10197	A	C	20	5	27	2	2	27	0.0833333	24	0.233333	FALSE	NA	NA	NA	NA	NA	NA
NC_045512.2	10198	C	T	0	0	0	18	4	27	0.818182	22	1.60361e-11	TRUE	NA	NA	NA	NA	NA	NA
NC_045512.2	10198	C	G	0	0	0	2	2	28	0.0909091	22	0.00395257	TRUE	NA	NA	NA	NA	NA	NA
NC_045512.2	10198	C	A	0	0	0	2	2	28	0.0909091	22	0.00395257	TRUE	NA	NA	NA	NA	NA	NA
NC_045512.2	10199	A	T	19	5	27	3	3	26	0.130435	23	0.116279	FALSE	NA	NA	NA	NA	NA	NA
NC_045512.2	10199	A	C	19	5	27	1	1	28	0.0434783	23	0.47619	FALSE	NA	NA	NA	NA	NA	NA
NC_045512.2	10200	T	G	19	5	27	2	2	24	0.0869565	23	0.232558	FALSE	NA	NA	NA	NA	NA	NA
NC_045512.2	10200	T	C	19	5	27	1	1	28	0.0434783	23	0.47619	FALSE	NA	NA	NA	NA	NA	NA
NC_045512.2	10200	T	A	19	5	27	1	1	27	0.0434783	23	0.47619	FALSE	NA	NA	NA	NA	NA	NA
NC_045512.2	10201	G	T	21	7	27	2	2	28	0.0869565	23	0.255556	FALSE	NA	NA	NA	NA	NA	NA
NC_045512.2	10202	C	T	18	4	26	2	2	24	0.0869565	23	0.220674	FALSE	NA	NA	NA	NA	NA	NA
NC_045512.2	10202	C	G	18	4	26	2	2	25	0.0869565	23	0.220674	FALSE	NA	NA	NA	NA	NA	NA
NC_045512.2	10202	C	A	18	4	26	1	1	26	0.0434783	23	0.463415	FALSE	NA	NA	NA	NA	NA	NA
NC_045512.2	10203	T	G	19	5	25	1	1	28	0.0434783	23	0.47619	FALSE	NA	NA	NA	NA	NA	NA
NC_045512.2	10203	T	C	19	5	25	3	3	27	0.130435	23	0.116279	FALSE	NA	NA	NA	NA	NA	NA
NC_045512.2	10204	T	G	17	7	24	1	1	29	0.0526316	19	0.5	FALSE	NA	NA	NA	NA	NA	NA
NC_045512.2	10204	T	A	17	7	24	1	1	28	0.0526316	19	0.5	FALSE	NA	NA	NA	NA	NA	NA
NC_045512.2	10205	A	T	19	5	25	2	2	28	0.0909091	22	0.243902	FALSE	NA	NA	NA	NA	NA	NA
NC_045512.2	10205	A	C	19	5	25	1	1	24	0.0454545	22	0.487805	FALSE	NA	NA	NA	NA	NA	NA
NC_045512.2	10206	A	T	19	5	24	1	1	28	0.0434783	23	0.47619	FALSE	NA	NA	NA	NA	NA	NA
NC_045512.2	10206	A	C	19	5	24	3	3	27	0.130435	23	0.116279	FALSE	NA	NA	NA	NA	NA	NA
NC_045512.2	10207	C	T	16	2	26	2	2	27	0.0952381	21	0.217639	FALSE	NA	NA	NA	NA	NA	NA
NC_045512.2	10207	C	G	16	2	26	2	2	26	0.0952381	21	0.217639	FALSE	NA	NA	NA	NA	NA	NA
NC_045512.2	10207	C	A	16	2	26	1	1	22	0.047619	21	0.459459	FALSE	NA	NA	NA	NA	NA	NA
NC_045512.2	10208	C	T	19	5	28	1	1	23	0.0434783	23	0.47619	FALSE	NA	NA	NA	NA	NA	NA
NC_045512.2	10208	C	G	19	5	28	2	2	27	0.0869565	23	0.232558	FALSE	NA	NA	NA	NA	NA	NA
NC_045512.2	10208	C	A	19	5	28	1	1	27	0.0434783	23	0.47619	FALSE	NA	NA	NA	NA	NA	NA
NC_045512.2	10209	C	T	18	6	23	3	3	27	0.142857	21	0.124765	FALSE	NA	NA	NA	NA	NA	NA
NC_045512.2	10210	T	G	21	7	26	1	1	26	0.0434783	23	0.5	FALSE	NA	NA	NA	NA	NA	NA
NC_045512.2	10210	T	C	21	7	26	1	1	22	0.0434783	23	0.5	FALSE	NA	NA	NA	NA	NA	NA
NC_045512.2	10211	A	T	19	5	26	1	1	29	0.047619	21	0.5	FALSE	NA	NA	NA	NA	NA	NA
NC_045512.2	10211	A	C	19	5	26	1	1	27	0.047619	21	0.5	FALSE	NA	NA	NA	NA	NA	NA
NC_045512.2	10212	A	G	20	6	23	1	1	28	0.0434783	23	0.488372	FALSE	NA	NA	NA	NA	NA	NA
NC_045512.2	10212	A	C	20	6	23	2	2	29	0.0869565	23	0.244186	FALSE	NA	NA	NA	NA	NA	NA
NC_045512.2	10213	T	G	17	4	26	1	1	27	0.047619	21	0.473684	FALSE	NA	NA	NA	NA	NA	NA
NC_045512.2	10213	T	A	17	4	26	3	3	27	0.142857	21	0.115385	FALSE	NA	NA	NA	NA	NA	NA
NC_045512.2	10214	T	G	16	5	24	2	2	27	0.1	20	0.22973	FALSE	NA	NA	NA	NA	NA	NA
NC_045512.2	10214	T	C	16	5	24	1	1	28	0.05	20	0.472222	FALSE	NA	NA	NA	NA	NA	NA
NC_045512.2	10214	T	A	16	5	24	1	1	27	0.05	20	0.472222	FALSE	NA	NA	NA	NA	NA	NA
NC_045512.2	10215	A	T	18	5	26	3	3	26	0.136364	22	0.115854	FALSE	NA	NA	NA	NA	NA	NA
NC_045512.2	10215	A	G	18	5	26	1	1	28	0.0454545	22	0.475	FALSE	NA	NA	NA	NA	NA	NA
NC_045512.2	10216	T	C	17	5	27	3	2	24	0.136364	22	0.106942	FALSE	NA	NA	NA	NA	NA	NA
NC_045512.2	10216	T	A	17	5	27	2	2	27	0.0909091	22	0.219231	FALSE	NA	NA	NA	NA	NA	NA
NC_045512.2	10217	G	T	17	4	27	1	1	23	0.0454545	22	0.461538	FALSE	NA	NA	NA	NA	NA	NA
NC_045512.2	10217	G	C	17	4	27	2	2	27	0.0909091	22	0.219231	FALSE	NA	NA	NA	NA	NA	NA
NC_045512.2	10217	G	A	17	4	27	2	2	25	0.0909091	22	0.219231	FALSE	NA	NA	NA	NA	NA	NA
NC_045512.2	10218	A	T	18	5	26	1	1	27	0.047619	21	0.487179	FALSE	NA	NA	NA	NA	NA	NA
NC_045512.2	10218	A	G	18	5	26	2	2	25	0.0952381	21	0.24359	FALSE	NA	NA	NA	NA	NA	NA
NC_045512.2	10219	A	T	16	5	24	1	1	28	0.05	20	0.472222	FALSE	NA	NA	NA	NA	NA	NA
NC_045512.2	10219	A	G	16	5	24	1	1	29	0.05	20	0.472222	FALSE	NA	NA	NA	NA	NA	NA
NC_045512.2	10219	A	C	16	5	24	2	2	25	0.1	20	0.22973	FALSE	NA	NA	NA	NA	NA	NA
NC_045512.2	10220	G	T	19	6	26	2	2	24	0.0909091	22	0.243902	FALSE	NA	NA	NA	NA	NA	NA
NC_045512.2	10220	G	A	19	6	26	1	1	27	0.0454545	22	0.487805	FALSE	NA	NA	NA	NA	NA	NA
NC_045512.2	10221	A	T	15	5	25	1	1	26	0.0526316	19	0.470588	FALSE	NA	NA	NA	NA	NA	NA
NC_045512.2	10221	A	G	15	5	25	3	3	28	0.157895	19	0.114286	FALSE	NA	NA	NA	NA	NA	NA
NC_045512.2	10222	T	C	13	3	25	1	1	30	0.0625	16	0.482759	FALSE	NA	NA	NA	NA	NA	NA
NC_045512.2	10222	T	A	13	3	25	2	2	24	0.125	16	0.241379	FALSE	NA	NA	NA	NA	NA	NA
NC_045512.2	10223	T	C	16	6	26	1	1	28	0.0526316	19	0.485714	FALSE	NA	NA	NA	NA	NA	NA
NC_045512.2	10223	T	A	16	6	26	2	2	26	0.105263	19	0.242857	FALSE	NA	NA	NA	NA	NA	NA
NC_045512.2	10224	T	C	12	7	23	2	2	23	0.142857	14	0.259259	FALSE	NA	NA	NA	NA	NA	NA
NC_045512.2	10225	A	T	15	5	25	3	3	27	0.15	20	0.105019	FALSE	NA	NA	NA	NA	NA	NA
NC_045512.2	10225	A	G	15	5	25	1	1	27	0.05	20	0.457143	FALSE	NA	NA	NA	NA	NA	NA
NC_045512.2	10225	A	C	15	5	25	1	1	26	0.05	20	0.457143	FALSE	NA	NA	NA	NA	NA	NA
NC_045512.2	10226	C	T	16	6	26	2	2	28	0.105263	19	0.242857	FALSE	NA	NA	NA	NA	NA	NA
NC_045512.2	10226	C	G	16	6	26	1	1	26	0.0526316	19	0.485714	FALSE	NA	NA	NA	NA	NA	NA
NC_045512.2	10227	T	G	16	6	27	3	3	25	0.15	20	0.114865	FALSE	NA	NA	NA	NA	NA	NA
NC_045512.2	10227	T	C	16	6	27	1	1	26	0.05	20	0.472222	FALSE	NA	NA	NA	NA	NA	NA
NC_045512.2	10227	T	-C	16	6	27	1	0	20	0.05	20	0.472222	FALSE	NA	NA	NA	NA	NA	NA
NC_045512.2	10228	C	T	13	3	27	1	1	27	0.0526316	19	0.424242	FALSE	NA	NA	NA	NA	NA	NA
NC_045512.2	10228	C	G	13	3	27	2	2	27	0.105263	19	0.187166	FALSE	NA	NA	NA	NA	NA	NA
NC_045512.2	10228	C	A	13	3	27	3	3	25	0.157895	19	0.0855615	FALSE	NA	NA	NA	NA	NA	NA
NC_045512.2	10229	A	T	15	6	25	2	2	27	0.105263	19	0.228571	FALSE	NA	NA	NA	NA	NA	NA
NC_045512.2	10229	A	C	15	6	25	2	2	25	0.105263	19	0.228571	FALSE	NA	NA	NA	NA	NA	NA
NC_045512.2	10230	T	C	17	8	24	4	4	25	0.190476	21	0.0590994	FALSE	NA	NA	NA	NA	NA	NA
NC_045512.2	10231	T	G	15	8	25	2	2	22	0.111111	18	0.242424	FALSE	NA	NA	NA	NA	NA	NA
NC_045512.2	10231	T	C	15	8	25	1	1	28	0.0555556	18	0.484848	FALSE	NA	NA	NA	NA	NA	NA
NC_045512.2	10232	C	G	14	5	26	4	4	27	0.190476	21	0.041455	FALSE	NA	NA	NA	NA	NA	NA
NC_045512.2	10232	C	A	14	5	26	3	3	25	0.142857	21	0.0875161	FALSE	NA	NA	NA	NA	NA	NA
NC_045512.2	10233	G	T	14	5	26	4	4	25	0.190476	21	0.041455	FALSE	NA	NA	NA	NA	NA	NA
NC_045512.2	10233	G	C	14	5	26	1	1	28	0.047619	21	0.428571	FALSE	NA	NA	NA	NA	NA	NA
NC_045512.2	10233	G	A	14	5	26	2	2	26	0.0952381	21	0.190476	FALSE	NA	NA	NA	NA	NA	NA
NC_045512.2	10234	T	G	15	6	26	3	3	26	0.142857	21	0.0967283	FALSE	NA	NA	NA	NA	NA	NA
NC_045512.2	10234	T	A	15	6	26	3	3	25	0.142857	21	0.0967283	FALSE	NA	NA	NA	NA	NA	NA
NC_045512.2	10235	A	G	16	7	26	1	1	29	0.05	20	0.472222	FALSE	NA	NA	NA	NA	NA	NA
NC_045512.2	10235	A	C	16	7	26	3	3	24	0.15	20	0.114865	FALSE	NA	NA	NA	NA	NA	NA
NC_045512.2	10236	A	C	17	9	24	2	2	27	0.105263	19	0.256757	FALSE	NA	NA	NA	NA	NA	NA
NC_045512.2	10237	G	T	15	6	27	1	1	30	0.047619	21	0.444444	FALSE	NA	NA	NA	NA	NA	NA
NC_045512.2	10237	G	C	15	6	27	2	2	27	0.0952381	21	0.204204	FALSE	NA	NA	NA	NA	NA	NA
NC_045512.2	10237	G	A	15	6	27	3	3	26	0.142857	21	0.0967283	FALSE	NA	NA	NA	NA	NA	NA
NC_045512.2	10238	T	G	14	6	27	3	3	26	0.15	20	0.0952381	FALSE	NA	NA	NA	NA	NA	NA
NC_045512.2	10238	T	C	14	6	27	1	1	30	0.05	20	0.441176	FALSE	NA	NA	NA	NA	NA	NA
NC_045512.2	10238	T	A	14	6	27	2	2	25	0.1	20	0.201681	FALSE	NA	NA	NA	NA	NA	NA
NC_045512.2	10239	C	T	12	4	27	6	6	26	0.315789	19	0.00953079	TRUE	NA	NA	NA	NA	NA	NA
NC_045512.2	10239	C	G	12	4	27	1	1	29	0.0526316	19	0.419355	FALSE	NA	NA	NA	NA	NA	NA
NC_045512.2	10240	T	G	14	6	26	2	2	26	0.1	20	0.201681	FALSE	NA	NA	NA	NA	NA	NA
NC_045512.2	10240	T	A	14	6	26	4	4	24	0.2	20	0.046332	FALSE	NA	NA	NA	NA	NA	NA
NC_045512.2	10241	A	T	13	5	27	3	3	26	0.166667	18	0.102639	FALSE	NA	NA	NA	NA	NA	NA
NC_045512.2	10241	A	G	13	5	27	2	2	27	0.111111	18	0.211694	FALSE	NA	NA	NA	NA	NA	NA
NC_045512.2	10242	A	T	15	7	24	1	1	21	0.05	20	0.457143	FALSE	NA	NA	NA	NA	NA	NA
NC_045512.2	10242	A	G	15	7	24	2	2	23	0.1	20	0.215873	FALSE	NA	NA	NA	NA	NA	NA
NC_045512.2	10242	A	C	15	7	24	2	2	27	0.1	20	0.215873	FALSE	NA	NA	NA	NA	NA	NA
NC_045512.2	10243	T	G	16	8	27	2	2	27	0.0909091	22	0.206478	FALSE	NA	NA	NA	NA	NA	NA
NC_045512.2	10243	T	C	16	8	27	2	2	27	0.0909091	22	0.206478	FALSE	NA	NA	NA	NA	NA	NA
NC_045512.2	10243	T	A	16	8	27	2	2	24	0.0909091	22	0.206478	FALSE	NA	NA	NA	NA	NA	NA
NC_045512.2	10244	C	T	13	5	28	6	6	26	0.272727	22	0.00706861	TRUE	NA	NA	NA	NA	NA	NA
NC_045512.2	10244	C	A	13	5	28	3	3	29	0.136364	22	0.0720721	FALSE	NA	NA	NA	NA	NA	NA
NC_045512.2	10245	A	T	14	6	27	3	3	28	0.136364	22	0.0806069	FALSE	NA	NA	NA	NA	NA	NA
NC_045512.2	10245	A	G	14	6	27	2	2	28	0.0909091	22	0.18018	FALSE	NA	NA	NA	NA	NA	NA
NC_045512.2	10245	A	C	14	6	27	3	3	27	0.136364	22	0.0806069	FALSE	NA	NA	NA	NA	NA	NA
NC_045512.2	10246	T	G	16	8	26	2	2	25	0.0909091	22	0.206478	FALSE	NA	NA	NA	NA	NA	NA
NC_045512.2	10246	T	C	16	8	26	2	2	27	0.0909091	22	0.206478	FALSE	NA	NA	NA	NA	NA	NA
NC_045512.2	10246	T	A	16	8	26	2	2	25	0.0909091	22	0.206478	FALSE	NA	NA	NA	NA	NA	NA
NC_045512.2	10247	A	T	14	6	26	5	5	27	0.227273	22	0.0176715	FALSE	NA	NA	NA	NA	NA	NA
NC_045512.2	10247	A	G	14	6	26	2	2	23	0.0909091	22	0.18018	FALSE	NA	NA	NA	NA	NA	NA
NC_045512.2	10247	A	C	14	6	26	1	1	28	0.0454545	22	0.416667	FALSE	NA	NA	NA	NA	NA	NA
NC_045512.2	10248	A	T	13	6	24	1	1	28	0.047619	21	0.411765	FALSE	NA	NA	NA	NA	NA	NA
NC_045512.2	10248	A	G	13	6	24	6	6	28	0.285714	21	0.00831601	TRUE	NA	NA	NA	NA	NA	NA
NC_045512.2	10248	A	C	13	6	24	1	1	22	0.047619	21	0.411765	FALSE	NA	NA	NA	NA	NA	NA
NC_045512.2	10249	T	C	17	9	26	5	5	25	0.217391	23	0.0242484	FALSE	NA	NA	NA	NA	NA	NA
NC_045512.2	10249	T	A	17	9	26	1	1	23	0.0434783	23	0.45	FALSE	NA	NA	NA	NA	NA	NA
NC_045512.2	10250	T	G	14	6	26	3	3	24	0.130435	23	0.0744064	FALSE	NA	NA	NA	NA	NA	NA
NC_045512.2	10250	T	C	14	6	26	3	3	25	0.130435	23	0.0744064	FALSE	NA	NA	NA	NA	NA	NA
NC_045512.2	10250	T	A	14	6	26	3	3	28	0.130435	23	0.0744064	FALSE	NA	NA	NA	NA	NA	NA
NC_045512.2	10251	T	G	14	8	24	2	2	27	0.0952381	21	0.190476	FALSE	NA	NA	NA	NA	NA	NA
NC_045512.2	10251	T	C	14	8	24	4	4	25	0.190476	21	0.041455	FALSE	NA	NA	NA	NA	NA	NA
NC_045512.2	10251	T	A	14	8	24	1	1	21	0.047619	21	0.428571	FALSE	NA	NA	NA	NA	NA	NA
NC_045512.2	10252	C	T	14	6	26	2	2	28	0.1	20	0.201681	FALSE	NA	NA	NA	NA	NA	NA
NC_045512.2	10252	C	A	14	6	26	4	4	22	0.2	20	0.046332	FALSE	NA	NA	NA	NA	NA	NA
NC_045512.2	10253	T	A	14	6	25	9	9	26	0.391304	23	0.000922167	TRUE	NA	NA	NA	NA	NA	NA
NC_045512.2	10254	T	G	13	5	24	4	4	26	0.173913	23	0.0289358	FALSE	NA	NA	NA	NA	NA	NA
NC_045512.2	10254	T	C	13	5	24	6	6	23	0.26087	23	0.00603418	TRUE	NA	NA	NA	NA	NA	NA
NC_045512.2	10255	G	T	12	4	25	5	5	27	0.25	20	0.0164141	FALSE	NA	NA	NA	NA	NA	NA
NC_045512.2	10255	G	C	12	4	25	1	1	27	0.05	20	0.40625	FALSE	NA	NA	NA	NA	NA	NA
NC_045512.2	10255	G	A	12	4	25	2	2	23	0.1	20	0.172348	FALSE	NA	NA	NA	NA	NA	NA
NC_045512.2	10256	G	T	13	5	25	1	1	25	0.0434783	23	0.388889	FALSE	NA	NA	NA	NA	NA	NA
NC_045512.2	10256	G	C	13	5	25	3	3	27	0.130435	23	0.0663822	FALSE	NA	NA	NA	NA	NA	NA
NC_045512.2	10256	G	A	13	5	25	6	6	25	0.26087	23	0.00603418	TRUE	NA	NA	NA	NA	NA	NA
NC_045512.2	10257	T	G	15	7	27	2	2	26	0.0869565	23	0.183536	FALSE	NA	NA	NA	NA	NA	NA
NC_045512.2	10257	T	C	15	7	27	4	4	26	0.173913	23	0.0382739	FALSE	NA	NA	NA	NA	NA	NA
NC_045512.2	10257	T	A	15	7	27	2	2	23	0.0869565	23	0.183536	FALSE	NA	NA	NA	NA	NA	NA
NC_045512.2	10258	A	T	18	10	27	4	4	27	0.173913	23	0.0538854	FALSE	NA	NA	NA	NA	NA	NA
NC_045512.2	10258	A	G	18	10	27	1	1	23	0.0434783	23	0.463415	FALSE	NA	NA	NA	NA	NA	NA
NC_045512.2	10259	C	T	15	7	27	1	1	29	0.0434783	23	0.421053	FALSE	NA	NA	NA	NA	NA	NA
NC_045512.2	10259	C	G	15	7	27	1	1	27	0.0434783	23	0.421053	FALSE	NA	NA	NA	NA	NA	NA
NC_045512.2	10259	C	A	15	7	27	6	6	26	0.26087	23	0.00890091	TRUE	NA	NA	NA	NA	NA	NA
NC_045512.2	10260	A	T	14	6	27	5	5	25	0.217391	23	0.0155165	FALSE	NA	NA	NA	NA	NA	NA
NC_045512.2	10260	A	G	14	6	27	1	1	22	0.0434783	23	0.405405	FALSE	NA	NA	NA	NA	NA	NA
NC_045512.2	10260	A	C	14	6	27	3	3	27	0.130435	23	0.0744064	FALSE	NA	NA	NA	NA	NA	NA
NC_045512.2	10261	G	T	15	7	26	4	4	27	0.173913	23	0.0382739	FALSE	NA	NA	NA	NA	NA	NA
NC_045512.2	10261	G	C	15	7	26	1	1	27	0.0434783	23	0.421053	FALSE	NA	NA	NA	NA	NA	NA
NC_045512.2	10261	G	A	15	7	26	3	3	26	0.130435	23	0.0825911	FALSE	NA	NA	NA	NA	NA	NA
NC_045512.2	10262	G	T	12	5	25	1	1	27	0.047619	21	0.393939	FALSE	NA	NA	NA	NA	NA	NA
NC_045512.2	10262	G	C	12	5	25	2	2	27	0.0952381	21	0.16221	FALSE	NA	NA	NA	NA	NA	NA
NC_045512.2	10262	G	A	12	5	25	6	6	26	0.285714	21	0.00672443	TRUE	NA	NA	NA	NA	NA	NA
NC_045512.2	10263	C	T	15	7	27	6	6	25	0.26087	23	0.00890091	TRUE	NA	NA	NA	NA	NA	NA
NC_045512.2	10263	C	A	15	7	27	2	2	25	0.0869565	23	0.183536	FALSE	NA	NA	NA	NA	NA	NA
NC_045512.2	10264	T	G	17	10	26	1	1	27	0.0454545	22	0.461538	FALSE	NA	NA	NA	NA	NA	NA
NC_045512.2	10264	T	C	17	10	26	3	3	26	0.136364	22	0.106942	FALSE	NA	NA	NA	NA	NA	NA
NC_045512.2	10264	T	A	17	10	26	1	1	24	0.0454545	22	0.461538	FALSE	NA	NA	NA	NA	NA	NA
NC_045512.2	10265	G	T	14	6	25	4	4	27	0.173913	23	0.0334829	FALSE	NA	NA	NA	NA	NA	NA
NC_045512.2	10265	G	A	14	6	25	5	5	25	0.217391	23	0.0155165	FALSE	NA	NA	NA	NA	NA	NA
NC_045512.2	10266	G	T	12	7	25	2	2	25	0.1	20	0.172348	FALSE	NA	NA	NA	NA	NA	NA
NC_045512.2	10266	G	C	12	7	25	1	1	27	0.05	20	0.40625	FALSE	NA	NA	NA	NA	NA	NA
NC_045512.2	10266	G	A	12	7	25	5	5	25	0.25	20	0.0164141	FALSE	NA	NA	NA	NA	NA	NA
NC_045512.2	10267	T	G	14	7	27	2	2	25	0.0909091	22	0.18018	FALSE	NA	NA	NA	NA	NA	NA
NC_045512.2	10267	T	C	14	7	27	4	4	27	0.181818	22	0.0372032	FALSE	NA	NA	NA	NA	NA	NA
NC_045512.2	10267	T	A	14	7	27	2	2	27	0.0909091	22	0.18018	FALSE	NA	NA	NA	NA	NA	NA
NC_045512.2	10268	A	T	13	6	26	2	2	24	0.0952381	21	0.176471	FALSE	NA	NA	NA	NA	NA	NA
NC_045512.2	10268	A	G	13	6	26	3	3	24	0.142857	21	0.0784314	FALSE	NA	NA	NA	NA	NA	NA
NC_045512.2	10268	A	C	13	6	26	3	3	26	0.142857	21	0.0784314	FALSE	NA	NA	NA	NA	NA	NA
NC_045512.2	10269	A	T	11	4	24	3	3	23	0.142857	21	0.0608289	FALSE	NA	NA	NA	NA	NA	NA
NC_045512.2	10269	A	G	11	4	24	2	2	26	0.0952381	21	0.147727	FALSE	NA	NA	NA	NA	NA	NA
NC_045512.2	10269	A	C	11	4	24	5	5	25	0.238095	21	0.0115865	FALSE	NA	NA	NA	NA	NA	NA
NC_045512.2	10270	T	C	19	12	26	2	2	29	0.0909091	22	0.243902	FALSE	NA	NA	NA	NA	NA	NA
NC_045512.2	10270	T	A	19	12	26	1	1	20	0.0454545	22	0.487805	FALSE	NA	NA	NA	NA	NA	NA
NC_045512.2	10271	G	T	11	4	27	8	8	25	0.363636	22	0.000982801	TRUE	NA	NA	NA	NA	NA	NA
NC_045512.2	10271	G	C	11	4	27	2	2	26	0.0909091	22	0.139037	FALSE	NA	NA	NA	NA	NA	NA
NC_045512.2	10271	G	A	11	4	27	1	1	23	0.0454545	22	0.363636	FALSE	NA	NA	NA	NA	NA	NA
NC_045512.2	10272	T	G	14	7	25	3	3	24	0.142857	21	0.0875161	FALSE	NA	NA	NA	NA	NA	NA
NC_045512.2	10272	T	C	14	7	25	1	1	29	0.047619	21	0.428571	FALSE	NA	NA	NA	NA	NA	NA
NC_045512.2	10272	T	A	14	7	25	3	3	24	0.142857	21	0.0875161	FALSE	NA	NA	NA	NA	NA	NA
NC_045512.2	10273	T	G	14	7	25	3	3	26	0.136364	22	0.0806069	FALSE	NA	NA	NA	NA	NA	NA
NC_045512.2	10273	T	C	14	7	25	3	3	24	0.136364	22	0.0806069	FALSE	NA	NA	NA	NA	NA	NA
NC_045512.2	10273	T	A	14	7	25	2	2	27	0.0909091	22	0.18018	FALSE	NA	NA	NA	NA	NA	NA
NC_045512.2	10274	C	T	13	6	27	6	6	26	0.285714	21	0.00831601	TRUE	NA	NA	NA	NA	NA	NA
NC_045512.2	10274	C	G	13	6	27	2	2	25	0.0952381	21	0.176471	FALSE	NA	NA	NA	NA	NA	NA
NC_045512.2	10275	A	T	12	5	26	4	4	24	0.190476	21	0.0308972	FALSE	NA	NA	NA	NA	NA	NA
NC_045512.2	10275	A	G	12	5	26	4	4	25	0.190476	21	0.0308972	FALSE	NA	NA	NA	NA	NA	NA
NC_045512.2	10275	A	C	12	5	26	1	1	27	0.047619	21	0.393939	FALSE	NA	NA	NA	NA	NA	NA
NC_045512.2	10276	A	T	15	8	26	3	3	26	0.142857	21	0.0967283	FALSE	NA	NA	NA	NA	NA	NA
NC_045512.2	10276	A	G	15	8	26	2	2	29	0.0952381	21	0.204204	FALSE	NA	NA	NA	NA	NA	NA
NC_045512.2	10276	A	C	15	8	26	1	1	27	0.047619	21	0.444444	FALSE	NA	NA	NA	NA	NA	NA
NC_045512.2	10277	C	T	15	8	27	2	2	26	0.0909091	22	0.193457	FALSE	NA	NA	NA	NA	NA	NA
NC_045512.2	10277	C	G	15	8	27	3	3	28	0.136364	22	0.0892877	FALSE	NA	NA	NA	NA	NA	NA
NC_045512.2	10277	C	A	15	8	27	2	2	26	0.0909091	22	0.193457	FALSE	NA	NA	NA	NA	NA	NA
NC_045512.2	10278	T	G	15	8	27	4	4	26	0.181818	22	0.0424116	FALSE	NA	NA	NA	NA	NA	NA
NC_045512.2	10278	T	A	15	8	27	3	3	28	0.136364	22	0.0892877	FALSE	NA	NA	NA	NA	NA	NA
NC_045512.2	10279	C	T	12	5	27	8	8	27	0.363636	22	0.00131839	TRUE	NA	NA	NA	NA	NA	NA
NC_045512.2	10279	C	G	12	5	27	1	1	27	0.0454545	22	0.382353	FALSE	NA	NA	NA	NA	NA	NA
NC_045512.2	10279	C	A	12	5	27	1	1	23	0.0454545	22	0.382353	FALSE	NA	NA	NA	NA	NA	NA
NC_045512.2	10280	A	T	14	7	27	1	1	27	0.0454545	22	0.416667	FALSE	NA	NA	NA	NA	NA	NA
NC_045512.2	10280	A	G	14	7	27	5	5	28	0.227273	22	0.0176715	FALSE	NA	NA	NA	NA	NA	NA
NC_045512.2	10280	A	C	14	7	27	2	2	25	0.0909091	22	0.18018	FALSE	NA	NA	NA	NA	NA	NA
NC_045512.2	10281	G	T	14	7	26	4	4	28	0.181818	22	0.0372032	FALSE	NA	NA	NA	NA	NA	NA
NC_045512.2	10281	G	A	14	7	26	4	4	28	0.181818	22	0.0372032	FALSE	NA	NA	NA	NA	NA	NA
NC_045512.2	10282	G	T	14	7	28	3	3	26	0.136364	22	0.0806069	FALSE	NA	NA	NA	NA	NA	NA
NC_045512.2	10282	G	C	14	7	28	2	2	27	0.0909091	22	0.18018	FALSE	NA	NA	NA	NA	NA	NA
NC_045512.2	10282	G	A	14	7	28	3	3	24	0.136364	22	0.0806069	FALSE	NA	NA	NA	NA	NA	NA
NC_045512.2	10283	G	T	14	9	25	1	1	27	0.0526316	19	0.454545	FALSE	NA	NA	NA	NA	NA	NA
NC_045512.2	10283	G	C	14	9	25	2	2	27	0.105263	19	0.213904	FALSE	NA	NA	NA	NA	NA	NA
NC_045512.2	10283	G	A	14	9	25	2	2	27	0.105263	19	0.213904	FALSE	NA	NA	NA	NA	NA	NA
NC_045512.2	10284	T	G	17	12	25	1	1	28	0.05	20	0.486486	FALSE	NA	NA	NA	NA	NA	NA
NC_045512.2	10284	T	A	17	12	25	2	2	27	0.1	20	0.243243	FALSE	NA	NA	NA	NA	NA	NA
NC_045512.2	10285	T	C	13	8	24	3	3	27	0.15	20	0.0855615	FALSE	NA	NA	NA	NA	NA	NA
NC_045512.2	10285	T	A	13	8	24	4	4	26	0.2	20	0.040404	FALSE	NA	NA	NA	NA	NA	NA
NC_045512.2	10286	A	G	13	8	26	5	5	26	0.25	20	0.019656	FALSE	NA	NA	NA	NA	NA	NA
NC_045512.2	10286	A	C	13	8	26	2	2	27	0.1	20	0.187166	FALSE	NA	NA	NA	NA	NA	NA
NC_045512.2	10287	T	C	16	11	25	1	1	27	0.0526316	19	0.485714	FALSE	NA	NA	NA	NA	NA	NA
NC_045512.2	10287	T	A	16	11	25	2	2	25	0.105263	19	0.242857	FALSE	NA	NA	NA	NA	NA	NA
NC_045512.2	10288	T	G	13	8	25	2	2	27	0.105263	19	0.198864	FALSE	NA	NA	NA	NA	NA	NA
NC_045512.2	10288	T	A	13	8	25	4	4	25	0.210526	19	0.0454545	FALSE	NA	NA	NA	NA	NA	NA
NC_045512.2	10289	G	T	12	7	26	4	4	25	0.2	20	0.0347594	FALSE	NA	NA	NA	NA	NA	NA
NC_045512.2	10289	G	C	12	7	26	2	2	27	0.1	20	0.172348	FALSE	NA	NA	NA	NA	NA	NA
NC_045512.2	10289	G	A	12	7	26	2	2	27	0.1	20	0.172348	FALSE	NA	NA	NA	NA	NA	NA
NC_045512.2	10290	G	T	8	4	24	4	4	26	0.222222	18	0.0208412	FALSE	NA	NA	NA	NA	NA	NA
NC_045512.2	10290	G	C	8	4	24	2	2	24	0.111111	18	0.128205	FALSE	NA	NA	NA	NA	NA	NA
NC_045512.2	10290	G	A	8	4	24	4	4	26	0.222222	18	0.0208412	FALSE	NA	NA	NA	NA	NA	NA
NC_045512.2	10291	A	T	9	4	27	5	5	27	0.25	20	0.0084353	TRUE	NA	NA	NA	NA	NA	NA
NC_045512.2	10291	A	C	9	4	27	6	6	27	0.3	20	0.00372146	TRUE	NA	NA	NA	NA	NA	NA
NC_045512.2	10292	C	T	9	4	27	6	6	28	0.3	20	0.00372146	TRUE	NA	NA	NA	NA	NA	NA
NC_045512.2	10292	C	G	9	4	27	1	1	23	0.05	20	0.344828	FALSE	NA	NA	NA	NA	NA	NA
NC_045512.2	10292	C	A	9	4	27	4	4	23	0.2	20	0.0198832	FALSE	NA	NA	NA	NA	NA	NA
NC_045512.2	10293	A	T	14	9	28	2	2	23	0.1	20	0.201681	FALSE	NA	NA	NA	NA	NA	NA
NC_045512.2	10293	A	G	14	9	28	2	2	27	0.1	20	0.201681	FALSE	NA	NA	NA	NA	NA	NA
NC_045512.2	10293	A	C	14	9	28	2	2	27	0.1	20	0.201681	FALSE	NA	NA	NA	NA	NA	NA
NC_045512.2	10294	T	G	12	7	26	2	2	27	0.1	20	0.172348	FALSE	NA	NA	NA	NA	NA	NA
NC_045512.2	10294	T	C	12	7	26	4	4	29	0.2	20	0.0347594	FALSE	NA	NA	NA	NA	NA	NA
NC_045512.2	10294	T	A	12	7	26	2	2	23	0.1	20	0.172348	FALSE	NA	NA	NA	NA	NA	NA
NC_045512.2	10295	T	G	15	10	26	1	1	28	0.05	20	0.457143	FALSE	NA	NA	NA	NA	NA	NA
NC_045512.2	10295	T	C	15	10	26	2	2	25	0.1	20	0.215873	FALSE	NA	NA	NA	NA	NA	NA
NC_045512.2	10295	T	A	15	10	26	2	2	26	0.1	20	0.215873	FALSE	NA	NA	NA	NA	NA	NA
NC_045512.2	10296	C	T	13	8	26	2	2	23	0.1	20	0.187166	FALSE	NA	NA	NA	NA	NA	NA
NC_045512.2	10296	C	G	13	8	26	3	3	28	0.15	20	0.0855615	FALSE	NA	NA	NA	NA	NA	NA
NC_045512.2	10296	C	A	13	8	26	2	2	25	0.1	20	0.187166	FALSE	NA	NA	NA	NA	NA	NA
NC_045512.2	10297	T	G	14	9	27	1	1	25	0.05	20	0.441176	FALSE	NA	NA	NA	NA	NA	NA
NC_045512.2	10297	T	A	14	9	27	5	5	26	0.25	20	0.023166	FALSE	NA	NA	NA	NA	NA	NA
NC_045512.2	10298	A	T	11	6	27	4	4	27	0.2	20	0.0294333	FALSE	NA	NA	NA	NA	NA	NA
NC_045512.2	10298	A	G	11	6	27	3	3	27	0.15	20	0.0667155	FALSE	NA	NA	NA	NA	NA	NA
NC_045512.2	10298	A	C	11	6	27	2	2	28	0.1	20	0.157258	FALSE	NA	NA	NA	NA	NA	NA
NC_045512.2	10299	T	G	10	5	27	4	4	28	0.2	20	0.0244624	FALSE	NA	NA	NA	NA	NA	NA
NC_045512.2	10299	T	C	10	5	27	3	3	29	0.15	20	0.0576613	FALSE	NA	NA	NA	NA	NA	NA
NC_045512.2	10299	T	A	10	5	27	3	3	25	0.15	20	0.0576613	FALSE	NA	NA	NA	NA	NA	NA
NC_045512.2	10300	G	T	10	5	26	2	2	25	0.1	20	0.141935	FALSE	NA	NA	NA	NA	NA	NA
NC_045512.2	10300	G	C	10	5	26	3	3	27	0.15	20	0.0576613	FALSE	NA	NA	NA	NA	NA	NA
NC_045512.2	10300	G	A	10	5	26	5	5	27	0.25	20	0.0107922	FALSE	NA	NA	NA	NA	NA	NA
NC_045512.2	10301	C	T	9	6	26	4	4	26	0.222222	18	0.0260901	FALSE	NA	NA	NA	NA	NA	NA
NC_045512.2	10301	C	G	9	6	26	2	2	26	0.111111	18	0.145503	FALSE	NA	NA	NA	NA	NA	NA
NC_045512.2	10301	C	A	9	6	26	3	3	29	0.166667	18	0.060208	FALSE	NA	NA	NA	NA	NA	NA
NC_045512.2	10302	A	T	11	8	24	1	1	30	0.0588235	17	0.428571	FALSE	NA	NA	NA	NA	NA	NA
NC_045512.2	10302	A	G	11	8	24	5	5	26	0.294118	17	0.0216908	FALSE	NA	NA	NA	NA	NA	NA
NC_045512.2	10303	A	T	11	8	29	5	5	26	0.294118	17	0.0216908	FALSE	NA	NA	NA	NA	NA	NA
NC_045512.2	10303	A	G	11	8	29	1	1	28	0.0588235	17	0.428571	FALSE	NA	NA	NA	NA	NA	NA
NC_045512.2	10304	A	T	7	4	28	4	4	27	0.235294	17	0.0188034	FALSE	NA	NA	NA	NA	NA	NA
NC_045512.2	10304	A	G	7	4	28	2	2	30	0.117647	17	0.12	FALSE	NA	NA	NA	NA	NA	NA
NC_045512.2	10304	A	C	7	4	28	4	4	27	0.235294	17	0.0188034	FALSE	NA	NA	NA	NA	NA	NA
NC_045512.2	10305	A	T	7	7	28	5	5	29	0.357143	14	0.0149068	FALSE	NA	NA	NA	NA	NA	NA
NC_045512.2	10305	A	C	7	7	28	2	2	27	0.142857	14	0.155844	FALSE	NA	NA	NA	NA	NA	NA
NC_045512.2	10306	T	G	9	6	24	4	4	27	0.235294	17	0.030104	FALSE	NA	NA	NA	NA	NA	NA
NC_045512.2	10306	T	C	9	6	24	1	1	27	0.0588235	17	0.384615	FALSE	NA	NA	NA	NA	NA	NA
NC_045512.2	10306	T	A	9	6	24	3	3	26	0.176471	17	0.0671551	FALSE	NA	NA	NA	NA	NA	NA
NC_045512.2	10307	T	G	7	5	25	3	3	28	0.1875	16	0.0521739	FALSE	NA	NA	NA	NA	NA	NA
NC_045512.2	10307	T	C	7	5	25	2	2	26	0.125	16	0.130435	FALSE	NA	NA	NA	NA	NA	NA
NC_045512.2	10307	T	A	7	5	25	4	4	28	0.25	16	0.0220736	FALSE	NA	NA	NA	NA	NA	NA
NC_045512.2	10308	G	T	9	6	26	5	5	29	0.294118	17	0.0140485	FALSE	NA	NA	NA	NA	NA	NA
NC_045512.2	10308	G	A	9	6	26	3	3	25	0.176471	17	0.0671551	FALSE	NA	NA	NA	NA	NA	NA
NC_045512.2	10309	T	G	7	4	26	3	3	28	0.176471	17	0.0461538	FALSE	NA	NA	NA	NA	NA	NA
NC_045512.2	10309	T	C	7	4	26	5	5	26	0.294118	17	0.00805861	TRUE	NA	NA	NA	NA	NA	NA
NC_045512.2	10309	T	A	7	4	26	2	2	27	0.117647	17	0.12	FALSE	NA	NA	NA	NA	NA	NA
NC_045512.2	10310	G	T	7	4	28	3	3	26	0.176471	17	0.0461538	FALSE	NA	NA	NA	NA	NA	NA
NC_045512.2	10310	G	C	7	4	28	3	3	27	0.176471	17	0.0461538	FALSE	NA	NA	NA	NA	NA	NA
NC_045512.2	10310	G	A	7	4	28	4	4	26	0.235294	17	0.0188034	FALSE	NA	NA	NA	NA	NA	NA
NC_045512.2	10311	T	G	14	11	26	2	2	29	0.117647	17	0.241935	FALSE	NA	NA	NA	NA	NA	NA
NC_045512.2	10311	T	A	14	11	26	1	1	28	0.0588235	17	0.483871	FALSE	NA	NA	NA	NA	NA	NA
NC_045512.2	10312	A	T	7	4	27	4	4	28	0.25	16	0.0220736	FALSE	NA	NA	NA	NA	NA	NA
NC_045512.2	10312	A	G	7	4	27	1	1	24	0.0625	16	0.347826	FALSE	NA	NA	NA	NA	NA	NA
NC_045512.2	10312	A	C	7	4	27	4	4	28	0.25	16	0.0220736	FALSE	NA	NA	NA	NA	NA	NA
NC_045512.2	10313	C	T	11	8	26	2	2	27	0.117647	17	0.192118	FALSE	NA	NA	NA	NA	NA	NA
NC_045512.2	10313	C	G	11	8	26	2	2	27	0.117647	17	0.192118	FALSE	NA	NA	NA	NA	NA	NA
NC_045512.2	10313	C	A	11	8	26	2	2	25	0.117647	17	0.192118	FALSE	NA	NA	NA	NA	NA	NA
NC_045512.2	10314	T	G	9	7	25	4	4	26	0.266667	15	0.0407407	FALSE	NA	NA	NA	NA	NA	NA
NC_045512.2	10314	T	C	9	7	25	2	1	23	0.133333	15	0.183333	FALSE	NA	NA	NA	NA	NA	NA
NC_045512.2	10315	T	G	9	6	26	1	1	28	0.0588235	17	0.384615	FALSE	NA	NA	NA	NA	NA	NA
NC_045512.2	10315	T	C	9	6	26	4	4	26	0.235294	17	0.030104	FALSE	NA	NA	NA	NA	NA	NA
NC_045512.2	10315	T	A	9	6	26	3	3	24	0.176471	17	0.0671551	FALSE	NA	NA	NA	NA	NA	NA
NC_045512.2	10316	A	T	12	9	26	3	3	25	0.1875	16	0.112069	FALSE	NA	NA	NA	NA	NA	NA
NC_045512.2	10316	A	G	12	9	26	1	1	22	0.0625	16	0.464286	FALSE	NA	NA	NA	NA	NA	NA
NC_045512.2	10317	A	T	5	5	28	2	2	27	0.142857	14	0.110526	FALSE	NA	NA	NA	NA	NA	NA
NC_045512.2	10317	A	G	5	5	28	3	3	26	0.214286	14	0.0421053	FALSE	NA	NA	NA	NA	NA	NA
NC_045512.2	10317	A	C	5	5	28	4	4	26	0.285714	14	0.0172249	FALSE	NA	NA	NA	NA	NA	NA
NC_045512.2	10318	G	T	9	6	26	3	3	27	0.176471	17	0.0671551	FALSE	NA	NA	NA	NA	NA	NA
NC_045512.2	10318	G	C	9	6	26	4	4	28	0.235294	17	0.030104	FALSE	NA	NA	NA	NA	NA	NA
NC_045512.2	10318	G	A	9	6	26	1	1	27	0.0588235	17	0.384615	FALSE	NA	NA	NA	NA	NA	NA
NC_045512.2	10319	C	T	7	4	26	6	6	26	0.375	16	0.00455487	TRUE	NA	NA	NA	NA	NA	NA
NC_045512.2	10319	C	G	7	4	26	2	2	25	0.125	16	0.130435	FALSE	NA	NA	NA	NA	NA	NA
NC_045512.2	10319	C	A	7	4	26	1	1	26	0.0625	16	0.347826	FALSE	NA	NA	NA	NA	NA	NA
NC_045512.2	10320	T	G	8	5	26	1	1	27	0.0625	16	0.375	FALSE	NA	NA	NA	NA	NA	NA
NC_045512.2	10320	T	C	8	5	26	4	4	28	0.25	16	0.0282051	FALSE	NA	NA	NA	NA	NA	NA
NC_045512.2	10320	T	A	8	5	26	3	3	26	0.1875	16	0.0634615	FALSE	NA	NA	NA	NA	NA	NA
NC_045512.2	10321	T	C	11	8	26	2	2	27	0.117647	17	0.192118	FALSE	NA	NA	NA	NA	NA	NA
NC_045512.2	10321	T	A	11	8	26	4	4	27	0.235294	17	0.0433815	FALSE	NA	NA	NA	NA	NA	NA
NC_045512.2	10322	A	G	11	8	25	6	6	25	0.352941	17	0.011174	FALSE	NA	NA	NA	NA	NA	NA
NC_045512.2	10323	A	T	13	10	25	1	1	23	0.0588235	17	0.466667	FALSE	NA	NA	NA	NA	NA	NA
NC_045512.2	10323	A	G	13	10	25	1	1	28	0.0588235	17	0.466667	FALSE	NA	NA	NA	NA	NA	NA
NC_045512.2	10323	A	C	13	10	25	2	2	24	0.117647	17	0.225806	FALSE	NA	NA	NA	NA	NA	NA
NC_045512.2	10324	G	T	6	3	25	5	5	26	0.3125	16	0.00702341	TRUE	NA	NA	NA	NA	NA	NA
NC_045512.2	10324	G	C	6	3	25	3	3	26	0.1875	16	0.041502	FALSE	NA	NA	NA	NA	NA	NA
NC_045512.2	10324	G	A	6	3	25	2	2	27	0.125	16	0.110672	FALSE	NA	NA	NA	NA	NA	NA
NC_045512.2	10325	G	T	10	7	25	4	4	27	0.235294	17	0.0365262	FALSE	NA	NA	NA	NA	NA	NA
NC_045512.2	10325	G	C	10	7	25	1	1	28	0.0588235	17	0.407407	FALSE	NA	NA	NA	NA	NA	NA
NC_045512.2	10325	G	A	10	7	25	2	2	28	0.117647	17	0.174603	FALSE	NA	NA	NA	NA	NA	NA
NC_045512.2	10326	T	G	8	5	26	1	1	21	0.0666667	15	0.391304	FALSE	NA	NA	NA	NA	NA	NA
NC_045512.2	10326	T	C	8	5	26	2	2	27	0.133333	15	0.163043	FALSE	NA	NA	NA	NA	NA	NA
NC_045512.2	10326	T	A	8	5	26	4	4	27	0.266667	15	0.0331104	FALSE	NA	NA	NA	NA	NA	NA
NC_045512.2	10327	T	G	11	8	25	4	4	27	0.235294	17	0.0433815	FALSE	NA	NA	NA	NA	NA	NA
NC_045512.2	10327	T	A	11	8	25	2	2	27	0.117647	17	0.192118	FALSE	NA	NA	NA	NA	NA	NA
NC_045512.2	10328	G	T	8	5	26	2	2	25	0.125	16	0.15	FALSE	NA	NA	NA	NA	NA	NA
NC_045512.2	10328	G	C	8	5	26	3	3	24	0.1875	16	0.0634615	FALSE	NA	NA	NA	NA	NA	NA
NC_045512.2	10328	G	A	8	5	26	3	3	25	0.1875	16	0.0634615	FALSE	NA	NA	NA	NA	NA	NA
NC_045512.2	10329	A	T	11	8	26	4	4	24	0.235294	17	0.0433815	FALSE	NA	NA	NA	NA	NA	NA
NC_045512.2	10329	A	G	11	8	26	1	1	25	0.0588235	17	0.428571	FALSE	NA	NA	NA	NA	NA	NA
NC_045512.2	10329	A	C	11	8	26	1	1	27	0.0588235	17	0.428571	FALSE	NA	NA	NA	NA	NA	NA
NC_045512.2	10330	T	G	7	4	28	3	3	25	0.230769	13	0.0779221	FALSE	NA	NA	NA	NA	NA	NA
NC_045512.2	10330	T	C	7	4	28	1	1	27	0.0769231	13	0.4	FALSE	NA	NA	NA	NA	NA	NA
NC_045512.2	10330	T	A	7	4	28	2	2	27	0.153846	13	0.171429	FALSE	NA	NA	NA	NA	NA	NA
NC_045512.2	10331	A	T	7	4	27	1	1	25	0.0909091	11	0.444444	FALSE	NA	NA	NA	NA	NA	NA
NC_045512.2	10331	A	G	7	4	27	1	1	28	0.0909091	11	0.444444	FALSE	NA	NA	NA	NA	NA	NA
NC_045512.2	10331	A	C	7	4	27	2	2	26	0.181818	11	0.210526	FALSE	NA	NA	NA	NA	NA	NA
NC_045512.2	10332	C	T	7	4	26	3	3	23	0.25	12	0.0902256	FALSE	NA	NA	NA	NA	NA	NA
NC_045512.2	10332	C	G	7	4	26	1	1	22	0.0833333	12	0.421053	FALSE	NA	NA	NA	NA	NA	NA
NC_045512.2	10332	C	A	7	4	26	1	1	29	0.0833333	12	0.421053	FALSE	NA	NA	NA	NA	NA	NA
NC_045512.2	10333	A	T	1	1	24	1	1	27	0.5	2	0.666667	FALSE	NA	NA	NA	NA	NA	NA
NC_045512.2	17402	C	T	6	2	26	1	0	27	0.142857	7	0.538462	FALSE	NA	NA	NA	NA	NA	NA
NC_045512.2	17410	C	T	0	0	0	7	2	27	1	7	0.000582751	TRUE	NA	NA	NA	NA	NA	NA
NC_045512.2	17456	C	A	6	2	27	1	1	28	0.142857	7	0.538462	FALSE	NA	NA	NA	NA	NA	NA
NC_045512.2	17457	A	T	5	2	28	1	1	23	0.166667	6	0.545455	FALSE	NA	NA	NA	NA	NA	NA
NC_045512.2	17458	C	T	5	2	26	1	1	28	0.166667	6	0.545455	FALSE	NA	NA	NA	NA	NA	NA
NC_045512.2	17459	C	T	5	2	24	1	1	27	0.142857	7	0.5	FALSE	NA	NA	NA	NA	NA	NA
NC_045512.2	17459	C	G	5	2	24	1	1	26	0.142857	7	0.5	FALSE	NA	NA	NA	NA	NA	NA
NC_045512.2	17460	A	G	5	2	25	2	2	25	0.285714	7	0.269231	FALSE	NA	NA	NA	NA	NA	NA
NC_045512.2	17461	C	A	5	2	26	1	1	27	0.166667	6	0.545455	FALSE	NA	NA	NA	NA	NA	NA
NC_045512.2	17462	G	C	6	3	26	1	1	24	0.142857	7	0.538462	FALSE	NA	NA	NA	NA	NA	NA
NC_045512.2	17463	C	T	5	2	26	1	1	28	0.142857	7	0.5	FALSE	NA	NA	NA	NA	NA	NA
NC_045512.2	17463	C	A	5	2	26	1	1	24	0.142857	7	0.5	FALSE	NA	NA	NA	NA	NA	NA
NC_045512.2	17464	A	G	5	2	28	1	1	28	0.142857	7	0.5	FALSE	NA	NA	NA	NA	NA	NA
NC_045512.2	17464	A	C	5	2	28	1	1	24	0.142857	7	0.5	FALSE	NA	NA	NA	NA	NA	NA
NC_045512.2	17465	C	T	5	2	26	1	1	24	0.166667	6	0.545455	FALSE	NA	NA	NA	NA	NA	NA
NC_045512.2	17466	A	T	6	3	25	1	1	27	0.142857	7	0.538462	FALSE	NA	NA	NA	NA	NA	NA
NC_045512.2	17467	T	G	5	2	24	1	1	27	0.142857	7	0.5	FALSE	NA	NA	NA	NA	NA	NA
NC_045512.2	17467	T	A	5	2	24	1	1	25	0.142857	7	0.5	FALSE	NA	NA	NA	NA	NA	NA
NC_045512.2	17469	G	T	5	2	26	1	1	25	0.142857	7	0.5	FALSE	NA	NA	NA	NA	NA	NA
NC_045512.2	17469	G	C	5	2	26	1	1	30	0.142857	7	0.5	FALSE	NA	NA	NA	NA	NA	NA
NC_045512.2	17470	C	A	5	2	27	2	2	24	0.285714	7	0.269231	FALSE	NA	NA	NA	NA	NA	NA
NC_045512.2	17471	T	A	5	3	26	1	1	34	0.166667	6	0.545455	FALSE	NA	NA	NA	NA	NA	NA
NC_045512.2	17472	A	T	4	2	25	1	1	34	0.166667	6	0.5	FALSE	NA	NA	NA	NA	NA	NA
NC_045512.2	17472	A	G	4	2	25	1	1	23	0.166667	6	0.5	FALSE	NA	NA	NA	NA	NA	NA
NC_045512.2	17473	A	G	5	3	24	1	1	29	0.166667	6	0.545455	FALSE	NA	NA	NA	NA	NA	NA
NC_045512.2	17475	T	C	5	3	26	1	1	28	0.166667	6	0.545455	FALSE	NA	NA	NA	NA	NA	NA
NC_045512.2	17476	A	T	5	3	26	1	1	22	0.166667	6	0.545455	FALSE	NA	NA	NA	NA	NA	NA
NC_045512.2	17477	A	G	4	2	24	2	2	25	0.333333	6	0.272727	FALSE	NA	NA	NA	NA	NA	NA
NC_045512.2	17478	G	A	3	1	26	2	2	27	0.4	5	0.277778	FALSE	NA	NA	NA	NA	NA	NA
NC_045512.2	17479	G	T	5	3	26	1	1	24	0.166667	6	0.545455	FALSE	NA	NA	NA	NA	NA	NA
NC_045512.2	17480	G	T	3	2	24	2	2	26	0.4	5	0.277778	FALSE	NA	NA	NA	NA	NA	NA
NC_045512.2	17481	C	G	4	2	25	1	1	25	0.166667	6	0.5	FALSE	NA	NA	NA	NA	NA	NA
NC_045512.2	17481	C	A	4	2	25	1	1	27	0.166667	6	0.5	FALSE	NA	NA	NA	NA	NA	NA
NC_045512.2	17482	A	T	4	2	27	2	2	23	0.333333	6	0.272727	FALSE	NA	NA	NA	NA	NA	NA
NC_045512.2	17483	C	T	4	2	26	1	1	26	0.166667	6	0.5	FALSE	NA	NA	NA	NA	NA	NA
NC_045512.2	17483	C	G	4	2	26	1	1	26	0.166667	6	0.5	FALSE	NA	NA	NA	NA	NA	NA
NC_045512.2	17484	A	T	4	2	27	1	1	28	0.166667	6	0.5	FALSE	NA	NA	NA	NA	NA	NA
NC_045512.2	17484	A	G	4	2	27	1	1	25	0.166667	6	0.5	FALSE	NA	NA	NA	NA	NA	NA
NC_045512.2	17485	C	T	4	2	27	1	1	27	0.166667	6	0.5	FALSE	NA	NA	NA	NA	NA	NA
NC_045512.2	17485	C	G	4	2	27	1	1	28	0.166667	6	0.5	FALSE	NA	NA	NA	NA	NA	NA
NC_045512.2	17486	T	C	4	2	28	2	2	27	0.333333	6	0.272727	FALSE	NA	NA	NA	NA	NA	NA
NC_045512.2	17487	A	T	5	3	26	1	1	28	0.166667	6	0.545455	FALSE	NA	NA	NA	NA	NA	NA
NC_045512.2	17488	G	A	4	2	27	2	2	25	0.333333	6	0.272727	FALSE	NA	NA	NA	NA	NA	NA
NC_045512.2	17489	A	T	5	3	26	1	1	28	0.166667	6	0.545455	FALSE	NA	NA	NA	NA	NA	NA
NC_045512.2	17490	A	G	3	2	27	2	2	27	0.4	5	0.277778	FALSE	NA	NA	NA	NA	NA	NA
NC_045512.2	17492	C	A	3	3	28	1	1	28	0.25	4	0.571429	FALSE	NA	NA	NA	NA	NA	NA
NC_045512.2	17493	A	G	5	3	26	1	1	27	0.142857	7	0.5	FALSE	NA	NA	NA	NA	NA	NA
NC_045512.2	17493	A	C	5	3	26	1	1	28	0.142857	7	0.5	FALSE	NA	NA	NA	NA	NA	NA
NC_045512.2	17494	G	T	5	3	27	2	2	25	0.285714	7	0.269231	FALSE	NA	NA	NA	NA	NA	NA
NC_045512.2	17495	A	T	6	4	26	1	1	27	0.142857	7	0.538462	FALSE	NA	NA	NA	NA	NA	NA
NC_045512.2	17496	A	T	4	2	25	3	3	26	0.428571	7	0.122378	FALSE	NA	NA	NA	NA	NA	NA
NC_045512.2	17497	T	G	5	3	28	2	2	27	0.285714	7	0.269231	FALSE	NA	NA	NA	NA	NA	NA
NC_045512.2	17498	A	T	6	4	27	1	1	28	0.142857	7	0.538462	FALSE	NA	NA	NA	NA	NA	NA
NC_045512.2	17499	T	G	4	2	26	2	2	28	0.333333	6	0.272727	FALSE	NA	NA	NA	NA	NA	NA
NC_045512.2	17500	T	G	6	4	27	1	1	25	0.142857	7	0.538462	FALSE	NA	NA	NA	NA	NA	NA
NC_045512.2	17501	T	G	5	3	25	1	1	27	0.142857	7	0.5	FALSE	NA	NA	NA	NA	NA	NA
NC_045512.2	17501	T	A	5	3	25	1	1	28	0.142857	7	0.5	FALSE	NA	NA	NA	NA	NA	NA
NC_045512.2	17502	C	T	5	3	27	1	1	23	0.142857	7	0.5	FALSE	NA	NA	NA	NA	NA	NA
NC_045512.2	17502	C	G	5	3	27	1	1	34	0.142857	7	0.5	FALSE	NA	NA	NA	NA	NA	NA
NC_045512.2	17503	A	T	5	3	26	1	1	27	0.125	8	0.461538	FALSE	NA	NA	NA	NA	NA	NA
NC_045512.2	17503	A	G	5	3	26	1	1	31	0.125	8	0.461538	FALSE	NA	NA	NA	NA	NA	NA
NC_045512.2	17503	A	C	5	3	26	1	1	28	0.125	8	0.461538	FALSE	NA	NA	NA	NA	NA	NA
NC_045512.2	17504	A	T	3	2	26	2	2	26	0.285714	7	0.181818	FALSE	NA	NA	NA	NA	NA	NA
NC_045512.2	17504	A	G	3	2	26	2	2	27	0.285714	7	0.181818	FALSE	NA	NA	NA	NA	NA	NA
NC_045512.2	17505	T	C	5	4	27	1	1	24	0.142857	7	0.5	FALSE	NA	NA	NA	NA	NA	NA
NC_045512.2	17505	T	A	5	4	27	1	1	24	0.142857	7	0.5	FALSE	NA	NA	NA	NA	NA	NA
NC_045512.2	17506	T	G	3	2	26	1	1	26	0.142857	7	0.4	FALSE	NA	NA	NA	NA	NA	NA
NC_045512.2	17506	T	C	3	2	26	2	2	27	0.285714	7	0.181818	FALSE	NA	NA	NA	NA	NA	NA
NC_045512.2	17506	T	A	3	2	26	1	1	29	0.142857	7	0.4	FALSE	NA	NA	NA	NA	NA	NA
NC_045512.2	17507	C	G	3	2	27	2	2	29	0.285714	7	0.181818	FALSE	NA	NA	NA	NA	NA	NA
NC_045512.2	17507	C	A	3	2	27	2	2	26	0.285714	7	0.181818	FALSE	NA	NA	NA	NA	NA	NA
NC_045512.2	17508	A	C	4	3	27	3	3	28	0.428571	7	0.122378	FALSE	NA	NA	NA	NA	NA	NA
NC_045512.2	17509	G	T	4	3	29	1	1	27	0.142857	7	0.454545	FALSE	NA	NA	NA	NA	NA	NA
NC_045512.2	17509	G	A	4	3	29	2	2	24	0.285714	7	0.227273	FALSE	NA	NA	NA	NA	NA	NA
NC_045512.2	17510	T	G	3	2	28	1	1	28	0.142857	7	0.4	FALSE	NA	NA	NA	NA	NA	NA
NC_045512.2	17510	T	C	3	2	28	1	1	28	0.142857	7	0.4	FALSE	NA	NA	NA	NA	NA	NA
NC_045512.2	17510	T	A	3	2	28	2	2	27	0.285714	7	0.181818	FALSE	NA	NA	NA	NA	NA	NA
NC_045512.2	17511	G	T	3	2	30	1	1	26	0.142857	7	0.4	FALSE	NA	NA	NA	NA	NA	NA
NC_045512.2	17511	G	C	3	2	30	2	2	23	0.285714	7	0.181818	FALSE	NA	NA	NA	NA	NA	NA
NC_045512.2	17511	G	A	3	2	30	1	1	27	0.142857	7	0.4	FALSE	NA	NA	NA	NA	NA	NA
NC_045512.2	17512	T	C	4	3	27	2	2	27	0.285714	7	0.227273	FALSE	NA	NA	NA	NA	NA	NA
NC_045512.2	17512	T	A	4	3	27	1	1	25	0.142857	7	0.454545	FALSE	NA	NA	NA	NA	NA	NA
NC_045512.2	17513	G	T	3	2	27	2	2	26	0.285714	7	0.181818	FALSE	NA	NA	NA	NA	NA	NA
NC_045512.2	17513	G	C	3	2	27	1	1	27	0.142857	7	0.4	FALSE	NA	NA	NA	NA	NA	NA
NC_045512.2	17513	G	A	3	2	27	1	1	28	0.142857	7	0.4	FALSE	NA	NA	NA	NA	NA	NA
NC_045512.2	17514	T	G	4	3	26	2	2	27	0.285714	7	0.227273	FALSE	NA	NA	NA	NA	NA	NA
NC_045512.2	17514	T	A	4	3	26	1	1	29	0.142857	7	0.454545	FALSE	NA	NA	NA	NA	NA	NA
NC_045512.2	17515	A	T	4	3	26	2	2	26	0.285714	7	0.227273	FALSE	NA	NA	NA	NA	NA	NA
NC_045512.2	17515	A	G	4	3	26	1	1	28	0.142857	7	0.454545	FALSE	NA	NA	NA	NA	NA	NA
NC_045512.2	17516	G	T	5	4	25	1	1	23	0.142857	7	0.5	FALSE	NA	NA	NA	NA	NA	NA
NC_045512.2	17516	G	C	5	4	25	1	1	27	0.142857	7	0.5	FALSE	NA	NA	NA	NA	NA	NA
NC_045512.2	17517	A	T	4	3	26	3	3	26	0.428571	7	0.122378	FALSE	NA	NA	NA	NA	NA	NA
NC_045512.2	17518	C	T	4	3	27	1	1	21	0.142857	7	0.454545	FALSE	NA	NA	NA	NA	NA	NA
NC_045512.2	17518	C	A	4	3	27	2	2	25	0.285714	7	0.227273	FALSE	NA	NA	NA	NA	NA	NA
NC_045512.2	17519	T	C	5	4	25	1	1	27	0.142857	7	0.5	FALSE	NA	NA	NA	NA	NA	NA
NC_045512.2	17519	T	A	5	4	25	1	1	29	0.142857	7	0.5	FALSE	NA	NA	NA	NA	NA	NA
NC_045512.2	17520	T	G	4	3	26	1	1	28	0.142857	7	0.454545	FALSE	NA	NA	NA	NA	NA	NA
NC_045512.2	17520	T	A	4	3	26	2	2	28	0.285714	7	0.227273	FALSE	NA	NA	NA	NA	NA	NA
NC_045512.2	17521	A	T	3	2	26	3	3	26	0.428571	7	0.0909091	FALSE	NA	NA	NA	NA	NA	NA
NC_045512.2	17521	A	G	3	2	26	1	1	28	0.142857	7	0.4	FALSE	NA	NA	NA	NA	NA	NA
NC_045512.2	17522	T	G	5	4	27	1	1	28	0.142857	7	0.5	FALSE	NA	NA	NA	NA	NA	NA
NC_045512.2	17522	T	A	5	4	27	1	1	28	0.142857	7	0.5	FALSE	NA	NA	NA	NA	NA	NA
NC_045512.2	17523	G	C	5	4	24	1	1	28	0.142857	7	0.5	FALSE	NA	NA	NA	NA	NA	NA
NC_045512.2	17523	G	A	5	4	24	1	1	29	0.142857	7	0.5	FALSE	NA	NA	NA	NA	NA	NA
NC_045512.2	17524	A	T	0	0	0	2	2	27	0.5	4	0.1	FALSE	NA	NA	NA	NA	NA	NA
NC_045512.2	17524	A	G	0	0	0	1	1	27	0.25	4	0.25	FALSE	NA	NA	NA	NA	NA	NA
NC_045512.2	17524	A	C	0	0	0	1	1	28	0.25	4	0.25	FALSE	NA	NA	NA	NA	NA	NA
NC_045512.2	17525	A	G	3	3	23	1	1	27	0.166667	6	0.444444	FALSE	NA	NA	NA	NA	NA	NA
NC_045512.2	17525	A	C	3	3	23	2	2	28	0.333333	6	0.222222	FALSE	NA	NA	NA	NA	NA	NA
NC_045512.2	17526	A	T	3	3	25	2	2	25	0.333333	6	0.222222	FALSE	NA	NA	NA	NA	NA	NA
NC_045512.2	17526	A	G	3	3	25	1	1	26	0.166667	6	0.444444	FALSE	NA	NA	NA	NA	NA	NA
NC_045512.2	17527	A	T	3	3	25	1	1	27	0.166667	6	0.444444	FALSE	NA	NA	NA	NA	NA	NA
NC_045512.2	17527	A	G	3	3	25	2	2	30	0.333333	6	0.222222	FALSE	NA	NA	NA	NA	NA	NA
NC_045512.2	17528	C	G	5	5	26	1	1	27	0.166667	6	0.545455	FALSE	NA	NA	NA	NA	NA	NA
NC_045512.2	17529	T	C	3	3	26	1	1	31	0.166667	6	0.444444	FALSE	NA	NA	NA	NA	NA	NA
NC_045512.2	17529	T	A	3	3	26	2	2	27	0.333333	6	0.222222	FALSE	NA	NA	NA	NA	NA	NA
NC_045512.2	17530	A	C	2	2	26	4	4	26	0.666667	6	0.0454545	FALSE	NA	NA	NA	NA	NA	NA
NC_045512.2	17531	T	C	4	4	26	1	1	34	0.166667	6	0.5	FALSE	NA	NA	NA	NA	NA	NA
NC_045512.2	17531	T	A	4	4	26	1	1	22	0.166667	6	0.5	FALSE	NA	NA	NA	NA	NA	NA
NC_045512.2	17532	A	G	5	5	28	1	1	28	0.166667	6	0.545455	FALSE	NA	NA	NA	NA	NA	NA
NC_045512.2	17533	G	T	2	2	23	2	2	28	0.333333	6	0.166667	FALSE	NA	NA	NA	NA	NA	NA
NC_045512.2	17533	G	C	2	2	23	2	2	29	0.333333	6	0.166667	FALSE	NA	NA	NA	NA	NA	NA
NC_045512.2	17534	G	T	5	5	28	1	1	28	0.166667	6	0.545455	FALSE	NA	NA	NA	NA	NA	NA
NC_045512.2	17535	T	C	3	3	26	3	3	26	0.5	6	0.121212	FALSE	NA	NA	NA	NA	NA	NA
NC_045512.2	17536	C	G	2	2	25	1	1	28	0.2	5	0.428571	FALSE	NA	NA	NA	NA	NA	NA
NC_045512.2	17536	C	A	2	2	25	2	2	27	0.4	5	0.214286	FALSE	NA	NA	NA	NA	NA	NA
NC_045512.2	17537	C	T	3	3	25	1	1	27	0.166667	6	0.444444	FALSE	NA	NA	NA	NA	NA	NA
NC_045512.2	17537	C	A	3	3	25	2	2	26	0.333333	6	0.222222	FALSE	NA	NA	NA	NA	NA	NA
NC_045512.2	17538	A	T	4	4	25	1	1	20	0.166667	6	0.5	FALSE	NA	NA	NA	NA	NA	NA
NC_045512.2	17538	A	G	4	4	25	1	1	28	0.166667	6	0.5	FALSE	NA	NA	NA	NA	NA	NA
NC_045512.2	17539	G	T	2	2	28	1	1	25	0.2	5	0.428571	FALSE	NA	NA	NA	NA	NA	NA
NC_045512.2	17539	G	C	2	2	28	1	1	27	0.2	5	0.428571	FALSE	NA	NA	NA	NA	NA	NA
NC_045512.2	17539	G	A	2	2	28	1	1	28	0.2	5	0.428571	FALSE	NA	NA	NA	NA	NA	NA
NC_045512.2	17540	A	T	4	4	26	2	2	23	0.333333	6	0.272727	FALSE	NA	NA	NA	NA	NA	NA
NC_045512.2	17541	C	T	2	2	27	3	3	25	0.5	6	0.0833333	FALSE	NA	NA	NA	NA	NA	NA
NC_045512.2	17541	C	G	2	2	27	1	1	23	0.166667	6	0.375	FALSE	NA	NA	NA	NA	NA	NA
NC_045512.2	17542	A	T	3	3	27	1	1	27	0.166667	6	0.444444	FALSE	NA	NA	NA	NA	NA	NA
NC_045512.2	17542	A	C	3	3	27	2	2	28	0.333333	6	0.222222	FALSE	NA	NA	NA	NA	NA	NA
NC_045512.2	17543	T	G	5	5	27	1	1	22	0.166667	6	0.545455	FALSE	NA	NA	NA	NA	NA	NA
NC_045512.2	17544	G	A	5	5	27	1	1	24	0.166667	6	0.545455	FALSE	NA	NA	NA	NA	NA	NA
NC_045512.2	17545	T	C	2	2	21	3	3	27	0.5	6	0.0833333	FALSE	NA	NA	NA	NA	NA	NA
NC_045512.2	17545	T	A	2	2	21	1	1	27	0.166667	6	0.375	FALSE	NA	NA	NA	NA	NA	NA
NC_045512.2	17546	T	G	2	2	27	2	2	27	0.333333	6	0.166667	FALSE	NA	NA	NA	NA	NA	NA
NC_045512.2	17546	T	C	2	2	27	1	1	27	0.166667	6	0.375	FALSE	NA	NA	NA	NA	NA	NA
NC_045512.2	17546	T	A	2	2	27	1	1	27	0.166667	6	0.375	FALSE	NA	NA	NA	NA	NA	NA
NC_045512.2	17547	C	T	4	4	23	1	1	27	0.166667	6	0.5	FALSE	NA	NA	NA	NA	NA	NA
NC_045512.2	17547	C	A	4	4	23	1	1	28	0.166667	6	0.5	FALSE	NA	NA	NA	NA	NA	NA
NC_045512.2	17548	C	T	4	4	26	1	1	27	0.166667	6	0.5	FALSE	NA	NA	NA	NA	NA	NA
NC_045512.2	17548	C	A	4	4	26	1	1	24	0.166667	6	0.5	FALSE	NA	NA	NA	NA	NA	NA
NC_045512.2	17549	T	C	2	2	27	1	1	28	0.166667	6	0.375	FALSE	NA	NA	NA	NA	NA	NA
NC_045512.2	17549	T	A	2	2	27	3	3	25	0.5	6	0.0833333	FALSE	NA	NA	NA	NA	NA	NA
NC_045512.2	17550	C	A	4	4	27	1	1	28	0.2	5	0.555556	FALSE	NA	NA	NA	NA	NA	NA
NC_045512.2	17551	G	T	5	5	25	1	1	28	0.166667	6	0.545455	FALSE	NA	NA	NA	NA	NA	NA
NC_045512.2	17552	G	C	4	4	26	2	2	27	0.333333	6	0.272727	FALSE	NA	NA	NA	NA	NA	NA
NC_045512.2	17553	A	C	4	4	25	2	2	25	0.333333	6	0.272727	FALSE	NA	NA	NA	NA	NA	NA
NC_045512.2	17554	A	T	3	3	27	1	1	28	0.166667	6	0.444444	FALSE	NA	NA	NA	NA	NA	NA
NC_045512.2	17554	A	C	3	3	27	2	2	27	0.333333	6	0.222222	FALSE	NA	NA	NA	NA	NA	NA
NC_045512.2	17555	C	T	4	4	27	1	1	28	0.166667	6	0.5	FALSE	NA	NA	NA	NA	NA	NA
NC_045512.2	17555	C	A	4	4	27	1	1	20	0.166667	6	0.5	FALSE	NA	NA	NA	NA	NA	NA
NC_045512.2	17556	T	A	2	2	24	3	3	26	0.6	5	0.119048	FALSE	NA	NA	NA	NA	NA	NA
NC_045512.2	17557	T	C	4	4	27	1	1	27	0.166667	6	0.5	FALSE	NA	NA	NA	NA	NA	NA
NC_045512.2	17557	T	A	4	4	27	1	1	25	0.166667	6	0.5	FALSE	NA	NA	NA	NA	NA	NA
NC_045512.2	17558	G	T	4	4	26	1	1	27	0.2	5	0.555556	FALSE	NA	NA	NA	NA	NA	NA
NC_045512.2	17559	T	C	4	4	28	1	1	27	0.166667	6	0.5	FALSE	NA	NA	NA	NA	NA	NA
NC_045512.2	17559	T	A	4	4	28	1	1	23	0.166667	6	0.5	FALSE	NA	NA	NA	NA	NA	NA
NC_045512.2	17560	C	T	2	2	29	1	1	28	0.166667	6	0.375	FALSE	NA	NA	NA	NA	NA	NA
NC_045512.2	17560	C	G	2	2	29	2	2	25	0.333333	6	0.166667	FALSE	NA	NA	NA	NA	NA	NA
NC_045512.2	17560	C	A	2	2	29	1	1	25	0.166667	6	0.375	FALSE	NA	NA	NA	NA	NA	NA
NC_045512.2	17561	G	T	2	2	24	1	1	28	0.2	5	0.428571	FALSE	NA	NA	NA	NA	NA	NA
NC_045512.2	17561	G	C	2	2	24	1	1	21	0.2	5	0.428571	FALSE	NA	NA	NA	NA	NA	NA
NC_045512.2	17561	G	A	2	2	24	1	1	23	0.2	5	0.428571	FALSE	NA	NA	NA	NA	NA	NA
NC_045512.2	17562	G	C	2	2	27	1	1	27	0.166667	6	0.375	FALSE	NA	NA	NA	NA	NA	NA
NC_045512.2	17562	G	A	2	2	27	3	3	29	0.5	6	0.0833333	FALSE	NA	NA	NA	NA	NA	NA
NC_045512.2	17563	C	T	5	5	27	1	1	27	0.166667	6	0.545455	FALSE	NA	NA	NA	NA	NA	NA
NC_045512.2	17564	G	T	3	3	23	1	1	27	0.166667	6	0.444444	FALSE	NA	NA	NA	NA	NA	NA
NC_045512.2	17564	G	C	3	3	23	1	1	29	0.166667	6	0.444444	FALSE	NA	NA	NA	NA	NA	NA
NC_045512.2	17564	G	A	3	3	23	1	1	29	0.166667	6	0.444444	FALSE	NA	NA	NA	NA	NA	NA
NC_045512.2	17565	T	C	2	2	22	1	1	25	0.2	5	0.428571	FALSE	NA	NA	NA	NA	NA	NA
NC_045512.2	17565	T	A	2	2	22	2	2	24	0.4	5	0.214286	FALSE	NA	NA	NA	NA	NA	NA
NC_045512.2	17566	T	G	3	3	23	1	1	27	0.166667	6	0.444444	FALSE	NA	NA	NA	NA	NA	NA
NC_045512.2	17566	T	A	3	3	23	2	2	25	0.333333	6	0.222222	FALSE	NA	NA	NA	NA	NA	NA
NC_045512.2	17567	G	C	2	2	23	1	1	25	0.25	4	0.5	FALSE	NA	NA	NA	NA	NA	NA
NC_045512.2	17567	G	A	2	2	23	1	1	23	0.25	4	0.5	FALSE	NA	NA	NA	NA	NA	NA
NC_045512.2	17568	T	G	2	2	29	2	2	26	0.333333	6	0.166667	FALSE	NA	NA	NA	NA	NA	NA
NC_045512.2	17568	T	C	2	2	29	1	1	28	0.166667	6	0.375	FALSE	NA	NA	NA	NA	NA	NA
NC_045512.2	17568	T	A	2	2	29	1	1	28	0.166667	6	0.375	FALSE	NA	NA	NA	NA	NA	NA
NC_045512.2	17569	C	T	3	3	24	1	1	29	0.166667	6	0.444444	FALSE	NA	NA	NA	NA	NA	NA
NC_045512.2	17569	C	G	3	3	24	1	1	28	0.166667	6	0.444444	FALSE	NA	NA	NA	NA	NA	NA
NC_045512.2	17569	C	A	3	3	24	1	1	28	0.166667	6	0.444444	FALSE	NA	NA	NA	NA	NA	NA
NC_045512.2	17570	C	G	4	4	26	1	1	29	0.166667	6	0.5	FALSE	NA	NA	NA	NA	NA	NA
NC_045512.2	17570	C	A	4	4	26	1	1	30	0.166667	6	0.5	FALSE	NA	NA	NA	NA	NA	NA
NC_045512.2	17571	T	G	3	3	26	1	1	27	0.166667	6	0.444444	FALSE	NA	NA	NA	NA	NA	NA
NC_045512.2	17571	T	A	3	3	26	2	2	27	0.333333	6	0.222222	FALSE	NA	NA	NA	NA	NA	NA
NC_045512.2	17572	G	T	2	2	29	1	1	29	0.166667	6	0.375	FALSE	NA	NA	NA	NA	NA	NA
NC_045512.2	17572	G	C	2	2	29	3	3	25	0.5	6	0.0833333	FALSE	NA	NA	NA	NA	NA	NA
NC_045512.2	17573	C	T	3	3	31	1	1	27	0.166667	6	0.444444	FALSE	NA	NA	NA	NA	NA	NA
NC_045512.2	17573	C	A	3	3	31	2	2	26	0.333333	6	0.222222	FALSE	NA	NA	NA	NA	NA	NA
NC_045512.2	17574	T	C	2	2	29	4	4	26	0.666667	6	0.0454545	FALSE	NA	NA	NA	NA	NA	NA
NC_045512.2	17575	G	T	2	2	28	2	2	28	0.333333	6	0.166667	FALSE	NA	NA	NA	NA	NA	NA
NC_045512.2	17575	G	A	2	2	28	2	2	23	0.333333	6	0.166667	FALSE	NA	NA	NA	NA	NA	NA
NC_045512.2	17576	A	T	4	4	25	1	1	21	0.166667	6	0.5	FALSE	NA	NA	NA	NA	NA	NA
NC_045512.2	17576	A	G	4	4	25	1	1	31	0.166667	6	0.5	FALSE	NA	NA	NA	NA	NA	NA
NC_045512.2	17577	A	T	2	2	27	2	2	25	0.333333	6	0.166667	FALSE	NA	NA	NA	NA	NA	NA
NC_045512.2	17577	A	G	2	2	27	1	1	28	0.166667	6	0.375	FALSE	NA	NA	NA	NA	NA	NA
NC_045512.2	17577	A	C	2	2	27	1	1	27	0.166667	6	0.375	FALSE	NA	NA	NA	NA	NA	NA
NC_045512.2	17578	A	T	3	3	26	2	2	24	0.333333	6	0.222222	FALSE	NA	NA	NA	NA	NA	NA
NC_045512.2	17578	A	G	3	3	26	1	1	27	0.166667	6	0.444444	FALSE	NA	NA	NA	NA	NA	NA
NC_045512.2	17579	T	C	2	2	23	3	3	24	0.5	6	0.0833333	FALSE	NA	NA	NA	NA	NA	NA
NC_045512.2	17579	T	A	2	2	23	1	1	29	0.166667	6	0.375	FALSE	NA	NA	NA	NA	NA	NA
NC_045512.2	17580	T	C	3	3	26	1	1	24	0.166667	6	0.444444	FALSE	NA	NA	NA	NA	NA	NA
NC_045512.2	17580	T	A	3	3	26	2	2	22	0.333333	6	0.222222	FALSE	NA	NA	NA	NA	NA	NA
NC_045512.2	17581	G	C	3	3	26	1	1	27	0.166667	6	0.444444	FALSE	NA	NA	NA	NA	NA	NA
NC_045512.2	17581	G	A	3	3	26	2	2	23	0.333333	6	0.222222	FALSE	NA	NA	NA	NA	NA	NA
NC_045512.2	17582	T	A	4	4	22	2	2	26	0.333333	6	0.272727	FALSE	NA	NA	NA	NA	NA	NA
NC_045512.2	17583	T	G	3	3	27	2	2	24	0.333333	6	0.222222	FALSE	NA	NA	NA	NA	NA	NA
NC_045512.2	17583	T	C	3	3	27	1	1	26	0.166667	6	0.444444	FALSE	NA	NA	NA	NA	NA	NA
NC_045512.2	17584	G	T	2	2	26	2	2	25	0.4	5	0.214286	FALSE	NA	NA	NA	NA	NA	NA
NC_045512.2	17584	G	A	2	2	26	1	1	26	0.2	5	0.428571	FALSE	NA	NA	NA	NA	NA	NA
NC_045512.2	17585	A	G	2	2	28	1	1	25	0.25	4	0.5	FALSE	NA	NA	NA	NA	NA	NA
NC_045512.2	17585	A	C	2	2	28	1	1	22	0.25	4	0.5	FALSE	NA	NA	NA	NA	NA	NA
NC_045512.2	17586	C	T	3	3	27	1	1	27	0.25	4	0.571429	FALSE	NA	NA	NA	NA	NA	NA
NC_045512.2	17587	A	T	3	3	27	1	1	28	0.25	4	0.571429	FALSE	NA	NA	NA	NA	NA	NA
NC_045512.2	17588	C	G	2	2	27	2	2	27	0.5	4	0.285714	FALSE	NA	NA	NA	NA	NA	NA
NC_045512.2	17589	T	C	2	2	27	1	1	26	0.25	4	0.5	FALSE	NA	NA	NA	NA	NA	NA
NC_045512.2	17589	T	A	2	2	27	1	1	27	0.25	4	0.5	FALSE	NA	NA	NA	NA	NA	NA
NC_045512.2	17590	G	C	2	2	27	1	1	27	0.25	4	0.5	FALSE	NA	NA	NA	NA	NA	NA
NC_045512.2	17590	G	A	2	2	27	1	1	28	0.25	4	0.5	FALSE	NA	NA	NA	NA	NA	NA
NC_045512.2	17591	T	C	3	3	27	1	1	22	0.25	4	0.571429	FALSE	NA	NA	NA	NA	NA	NA
NC_045512.2	17592	G	T	2	2	29	1	1	27	0.25	4	0.5	FALSE	NA	NA	NA	NA	NA	NA
NC_045512.2	17592	G	C	2	2	29	1	1	26	0.25	4	0.5	FALSE	NA	NA	NA	NA	NA	NA
NC_045512.2	20303	A	G	14	0	27	2	1	27	0.125	16	0.258065	FALSE	NA	NA	NA	NA	NA	NA
NC_045512.2	20311	G	T	2	1	27	12	0	22	0.857143	14	5.23474e-06	TRUE	NA	NA	NA	NA	NA	NA
NC_045512.2	20315	T	+C	15	1	22	1	0	20	0.0666667	15	0.533333	FALSE	NA	NA	NA	NA	NA	NA
NC_045512.2	20336	A	-T	16	1	26	1	0	20	0.0625	16	0.53125	FALSE	NA	NA	NA	NA	NA	NA
NC_045512.2	20360	G	-T	16	1	23	1	0	20	0.0625	16	0.53125	FALSE	NA	NA	NA	NA	NA	NA
NC_045512.2	20376	T	-G	14	1	23	1	0	20	0.0714286	14	0.535714	FALSE	NA	NA	NA	NA	NA	NA
NC_045512.2	20405	C	-T	4	1	22	3	0	20	0.75	4	0.291667	FALSE	NA	NA	NA	NA	NA	NA
NC_045512.2	20412	A	G	2	1	23	1	0	27	0.333333	3	0.6	FALSE	NA	NA	NA	NA	NA	NA
NC_045512.2	20445	T	-A	2	1	25	1	0	20	0.5	2	0.75	FALSE	NA	NA	NA	NA	NA	NA
